date,open,high,low,close,volume
2012-01-03,14.621,14.732,14.607,14.687,302220800
2012-01-04,14.643,14.81,14.617,14.766,260022000
2012-01-05,14.82,14.948,14.738,14.93,271269600
2012-01-06,14.992,15.098,14.972,15.086,318292800
2012-01-09,15.196,15.277,15.048,15.062,394024400
2012-01-10,15.211,15.214,15.054,15.116,258196400
2012-01-11,15.096,15.102,14.975,15.091,215084800
2012-01-12,15.081,15.104,14.955,15.05,212587200
2012-01-13,14.989,15.016,14.952,14.993,226021600
2012-01-17,15.15,15.214,15.106,15.168,242897200
2012-01-18,15.249,15.338,15.225,15.325,276791200
2012-01-19,15.363,15.406,15.233,15.277,261738400
2012-01-20,15.267,15.268,14.991,15.011,413974400
2012-01-23,15.095,15.302,15.082,15.265,306062400
2012-01-24,15.182,15.182,14.984,15.015,547638000
2012-01-25,16.23,16.23,15.847,15.952,958314000
2012-01-26,16.013,16.028,15.826,15.88,323985200
2012-01-27,15.869,16.017,15.849,15.974,299709200
2012-01-30,15.918,16.211,15.907,16.179,379341200
2012-01-31,16.271,16.366,16.181,16.303,391683600
2012-02-01,16.372,16.392,16.27,16.292,270046000
2012-02-02,16.282,16.327,16.214,16.254,186796400
2012-02-03,16.332,16.429,16.27,16.417,286599600
2012-02-06,16.371,16.606,16.364,16.57,249412800
2012-02-07,16.616,16.777,16.592,16.744,316223600
2012-02-08,16.804,17.028,16.775,17.024,407890000
2012-02-09,17.17,17.741,17.163,17.613,884214800
2012-02-10,17.534,17.772,17.448,17.622,631302000
2012-02-13,17.84,17.994,17.753,17.95,517216000
2012-02-14,18.024,18.199,17.929,18.195,460398400
2012-02-15,18.366,18.796,17.746,17.774,1506120000
2012-02-16,17.554,18.032,17.38,17.936,944552000
2012-02-17,17.968,18.135,17.868,17.933,535805200
2012-02-21,18.103,18.388,18.004,18.388,605595200
2012-02-22,18.324,18.41,18.181,18.323,483302400
2012-02-23,18.396,18.494,18.196,18.442,568027600
2012-02-24,18.56,18.675,18.523,18.657,415072000
2012-02-27,18.618,18.875,18.439,18.777,547582000
2012-02-28,18.856,19.122,18.78,19.122,600387200
2012-02-29,19.341,19.558,19.132,19.373,952011200
2012-03-01,19.577,19.579,19.242,19.445,683270000
2012-03-02,19.437,19.529,19.376,19.471,431712400
2012-03-05,19.479,19.553,18.786,19.041,809124400
2012-03-06,18.702,19.06,18.436,18.938,810238800
2012-03-07,19.171,19.206,18.689,18.953,798520800
2012-03-08,19.096,19.392,19.004,19.357,516457200
2012-03-09,19.436,19.562,19.397,19.47,418919200
2012-03-12,19.606,19.714,19.536,19.714,407282400
2012-03-13,19.912,20.292,19.848,20.289,690855200
2012-03-14,20.645,21.24,20.55,21.056,1418844000
2012-03-15,21.415,21.429,20.663,20.913,1159718000
2012-03-16,20.883,21.043,20.643,20.913,825487600
2012-03-19,21.37,21.492,21.038,21.468,901236000
2012-03-20,21.411,21.675,21.124,21.641,816662000
2012-03-21,21.526,21.773,21.479,21.518,644042000
2012-03-22,21.349,21.589,21.269,21.405,623870800
2012-03-23,21.446,21.493,21.229,21.288,430488800
2012-03-26,21.421,21.684,21.259,21.678,595742000
2012-03-27,21.649,22.01,21.645,21.946,607129600
2012-03-28,22.085,22.195,21.797,22.058,655460400
2012-03-29,21.885,22.02,21.687,21.781,608238400
2012-03-30,21.742,21.806,21.355,21.413,731038000
2012-04-02,21.494,22.099,21.442,22.094,598351600
2012-04-03,22.404,22.579,22.233,22.476,834559600
2012-04-04,22.298,22.352,22.036,22.297,572980800
2012-04-05,22.392,22.666,22.264,22.631,641298000
2012-04-09,22.362,22.851,22.332,22.722,597536800
2012-04-10,22.855,23.0,22.357,22.444,889725200
2012-04-11,22.721,22.745,22.262,22.364,696614800
2012-04-12,22.321,22.548,22.161,22.242,614336800
2012-04-13,22.29,22.311,21.554,21.615,859644800
2012-04-16,21.788,21.796,20.652,20.719,1050786800
2012-04-17,20.676,21.786,20.425,21.775,1025528000
2012-04-18,21.919,22.152,21.525,21.726,954531200
2012-04-19,21.436,21.597,20.876,20.98,834719200
2012-04-20,21.121,21.236,20.372,20.464,1030985200
2012-04-23,20.379,20.595,19.879,20.418,966529200
2012-04-24,20.093,20.275,19.821,20.01,1076149200
2012-04-25,21.987,22.071,21.643,21.786,905777600
2012-04-26,21.938,21.953,21.505,21.704,536068400
2012-04-27,21.61,21.649,21.446,21.536,406722400
2012-04-30,21.35,21.371,20.821,20.856,506144800
2012-05-01,20.889,21.313,20.758,20.79,610999200
2012-05-02,20.723,20.979,20.674,20.928,427389200
2012-05-03,21.089,21.121,20.725,20.779,390549600
2012-05-04,20.61,20.656,20.185,20.188,529992400
2012-05-07,20.054,20.456,20.044,20.339,460118400
2012-05-08,20.342,20.411,19.955,20.292,497252000
2012-05-09,20.132,20.499,20.03,20.328,480704000
2012-05-10,20.521,20.567,20.301,20.376,333200000
2012-05-11,20.179,20.517,20.155,20.24,399546000
2012-05-14,20.092,20.268,19.914,19.936,352626400
2012-05-15,20.052,20.115,19.705,19.756,476336000
2012-05-16,19.788,19.889,19.323,19.503,560896000
2012-05-17,19.475,19.554,18.933,18.933,717220000
2012-05-18,19.07,19.407,18.649,18.942,732292400
2012-05-21,19.089,20.055,19.073,20.046,631106000
2012-05-22,20.341,20.496,19.735,19.892,694870400
2012-05-23,19.911,20.457,19.758,20.377,584897600
2012-05-24,20.567,20.589,20.044,20.19,496230000
2012-05-25,20.164,20.209,19.945,20.082,328507200
2012-05-29,20.389,20.5,20.19,20.438,380508800
2012-05-30,20.329,20.714,20.234,20.685,529429600
2012-05-31,20.741,20.768,20.409,20.633,491674400
2012-06-01,20.327,20.452,20.019,20.035,520987600
2012-06-04,20.054,20.268,19.589,20.153,556995600
2012-06-05,20.045,20.231,19.94,20.101,388214400
2012-06-06,20.278,20.495,20.196,20.409,401455600
2012-06-07,20.618,20.619,20.375,20.419,379766800
2012-06-08,20.414,20.735,20.321,20.726,347516400
2012-06-11,20.99,21.018,20.38,20.399,591264800
2012-06-12,20.516,20.594,20.239,20.577,435380400
2012-06-13,20.519,20.66,20.371,20.434,293580000
2012-06-14,20.401,20.482,20.259,20.412,345573200
2012-06-15,20.393,20.522,20.341,20.505,335255200
2012-06-18,20.391,20.996,20.37,20.921,440412000
2012-06-19,20.836,21.071,20.825,20.979,361404400
2012-06-20,21.007,21.045,20.743,20.919,358943200
2012-06-21,20.909,21.008,20.623,20.631,326351200
2012-06-22,20.68,20.792,20.551,20.789,284471600
2012-06-25,20.618,20.707,20.37,20.385,304382400
2012-06-26,20.405,20.517,20.262,20.43,276536400
2012-06-27,20.536,20.598,20.426,20.518,202997200
2012-06-28,20.417,20.5,20.2,20.323,282836400
2012-06-29,20.643,20.857,20.509,20.857,421500800
2012-07-02,20.883,21.195,20.843,21.161,400092000
2012-07-03,21.246,21.429,21.214,21.407,241712800
2012-07-05,21.449,21.941,21.416,21.784,484383200
2012-07-06,21.682,21.73,21.485,21.639,418930400
2012-07-09,21.618,21.925,21.575,21.925,379405600
2012-07-10,22.07,22.138,21.618,21.722,511957600
2012-07-11,21.647,21.702,21.329,21.587,469322000
2012-07-12,21.437,21.552,21.167,21.389,428041600
2012-07-13,21.534,21.685,21.429,21.606,311427200
2012-07-16,21.611,21.844,21.608,21.675,301260400
2012-07-17,21.814,21.839,21.541,21.676,293624800
2012-07-18,21.664,21.726,21.556,21.652,252700000
2012-07-19,21.831,21.977,21.643,21.94,436861600
2012-07-20,21.894,21.944,21.561,21.582,397471200
2012-07-23,21.229,21.639,20.99,21.565,487975600
2012-07-24,21.692,21.774,21.375,21.461,565132400
2012-07-25,20.516,20.743,20.357,20.535,877312800
2012-07-26,20.706,20.729,20.37,20.531,406632800
2012-07-27,20.536,20.923,20.414,20.899,403936400
2012-07-30,21.104,21.409,20.994,21.251,379142400
2012-07-31,21.544,21.846,21.526,21.813,462327600
2012-08-01,21.997,22.014,21.536,21.672,384501600
2012-08-02,21.53,21.81,21.438,21.707,332158400
2012-08-03,21.915,22.071,21.841,21.989,344920800
2012-08-06,22.046,22.317,21.974,22.234,302103200
2012-08-07,22.242,22.321,22.073,22.175,290446800
2012-08-08,22.121,22.281,22.039,22.138,244706000
2012-08-09,22.066,22.205,22.064,22.169,221642400
2012-08-10,22.097,22.206,22.096,22.204,194938800
2012-08-13,22.264,22.5,22.259,22.5,278832400
2012-08-14,22.567,22.808,22.507,22.56,340169200
2012-08-15,22.546,22.643,22.42,22.53,257342400
2012-08-16,22.543,22.741,22.518,22.726,254534000
2012-08-17,22.857,23.15,22.815,23.147,442761200
2012-08-20,23.215,23.755,23.211,23.755,613384800
2012-08-21,23.958,24.103,23.226,23.431,812719600
2012-08-22,23.372,23.893,23.147,23.888,565322800
2012-08-23,23.79,23.925,23.612,23.665,420128800
2012-08-24,23.554,23.91,23.413,23.686,437340400
2012-08-27,24.285,24.317,24.055,24.131,427008400
2012-08-28,24.106,24.146,23.952,24.1,267416800
2012-08-29,24.116,24.202,24.021,24.052,202806800
2012-08-30,23.951,23.984,23.673,23.71,302699600
2012-08-31,23.83,23.879,23.473,23.759,338321200
2012-09-04,23.777,24.112,23.732,24.106,367892000
2012-09-05,24.128,24.155,23.914,23.937,336375200
2012-09-06,24.042,24.225,23.957,24.153,391196400
2012-09-07,24.216,24.374,24.135,24.301,329666400
2012-09-10,24.302,24.403,23.646,23.669,487998000
2012-09-11,23.754,23.932,23.446,23.593,503983200
2012-09-12,23.816,23.925,23.429,23.921,712233200
2012-09-13,24.192,24.482,24.099,24.392,598360000
2012-09-14,24.641,24.892,24.567,24.689,600474000
2012-09-17,24.977,24.993,24.808,24.992,398031200
2012-09-18,24.996,25.083,24.872,25.068,373503200
2012-09-19,25.009,25.142,24.985,25.075,326874800
2012-09-20,24.97,25.002,24.772,24.954,336568400
2012-09-21,25.086,25.181,24.977,25.003,571589200
2012-09-24,24.531,24.826,24.393,24.671,639766400
2012-09-25,24.581,24.742,24.036,24.055,518789600
2012-09-26,23.884,24.025,23.614,23.756,576503200
2012-09-27,23.725,24.363,23.584,24.333,594090000
2012-09-28,24.241,24.325,23.812,23.825,535110800
2012-10-01,23.97,24.17,23.446,23.55,543594800
2012-10-02,23.636,23.798,23.237,23.618,627992400
2012-10-03,23.745,23.995,23.665,23.98,424281200
2012-10-04,23.973,24.08,23.77,23.814,370725600
2012-10-05,23.757,23.786,23.26,23.307,594006000
2012-10-08,23.103,23.127,22.718,22.792,637994000
2012-10-09,22.809,22.875,22.27,22.709,838597200
2012-10-10,22.848,23.035,22.75,22.89,510356000
2012-10-11,23.089,23.114,22.432,22.432,546081200
2012-10-12,22.484,22.692,22.332,22.49,460014800
2012-10-15,22.584,22.683,22.28,22.67,432502000
2012-10-16,22.692,23.225,22.536,23.207,549771600
2012-10-17,23.174,23.314,23.0,23.022,389037600
2012-10-18,22.843,22.931,22.5,22.594,476624400
2012-10-19,22.538,22.563,21.772,21.78,744086000
2012-10-22,21.872,22.692,21.813,22.644,546730800
2012-10-23,22.536,22.639,21.846,21.906,707145600
2012-10-24,22.194,22.377,21.809,22.03,558527200
2012-10-25,22.143,22.214,21.627,21.769,656325600
2012-10-26,21.765,21.929,21.107,21.571,1018432800
2012-10-31,21.246,21.499,20.989,21.261,510003200
2012-11-01,21.365,21.536,21.22,21.305,361298000
2012-11-02,21.282,21.32,20.527,20.6,599373600
2012-11-05,20.84,20.992,20.629,20.879,529135600
2012-11-06,21.08,21.098,20.718,20.816,374917200
2012-11-07,20.494,20.519,19.848,19.929,793648800
2012-11-08,20.022,20.08,19.118,19.205,1056146000
2012-11-09,19.301,19.817,19.061,19.538,929913600
2012-11-12,19.791,19.804,19.237,19.387,515802000
2012-11-13,19.247,19.66,19.156,19.389,532949200
2012-11-14,19.482,19.552,19.149,19.174,477170400
2012-11-15,19.198,19.268,18.665,18.772,789910800
2012-11-16,18.757,18.929,18.062,18.846,1266893600
2012-11-19,19.311,20.268,19.281,20.205,823317600
2012-11-20,20.425,20.427,19.806,20.032,642754000
2012-11-21,20.152,20.263,19.879,20.061,373002000
2012-11-23,20.256,20.429,20.093,20.411,272826400
2012-11-26,20.568,21.071,20.49,21.055,630579600
2012-11-27,21.055,21.086,20.718,20.885,533330000
2012-11-28,20.617,20.921,20.438,20.819,520864400
2012-11-29,21.079,21.223,20.902,21.049,514698800
2012-11-30,20.957,21.014,20.81,20.903,391319600
2012-12-03,21.202,21.235,20.911,20.935,364280000
2012-12-04,20.779,20.779,20.433,20.566,557068400
2012-12-05,20.318,20.33,19.242,19.243,1044638000
2012-12-06,18.891,19.761,18.522,19.544,1177212400
2012-12-07,19.764,19.829,18.929,19.045,787040800
2012-12-10,18.75,19.233,18.628,18.922,630484400
2012-12-11,19.278,19.627,19.192,19.335,592345600
2012-12-12,19.563,19.571,19.153,19.25,487144000
2012-12-13,18.97,19.201,18.779,18.917,625259600
2012-12-14,18.384,18.505,18.056,18.207,1009579200
2012-12-17,18.176,18.571,17.901,18.53,757607200
2012-12-18,18.75,19.104,18.58,19.068,625685200
2012-12-19,18.981,19.061,18.768,18.797,449369200
2012-12-20,18.929,18.936,18.531,18.633,481689600
2012-12-21,18.302,18.56,18.223,18.548,596268400
2012-12-24,18.584,18.723,18.525,18.577,175753200
2012-12-26,18.536,18.552,18.254,18.321,302436400
2012-12-27,18.341,18.438,18.024,18.395,455120400
2012-12-28,18.225,18.374,18.147,18.2,354278400
2012-12-31,18.233,19.121,18.179,19.006,659492400
2013-01-02,19.779,19.821,19.344,19.608,560518000
2013-01-03,19.567,19.631,19.321,19.361,352965200
2013-01-04,19.177,19.237,18.78,18.821,594333600
2013-01-07,18.643,18.904,18.4,18.711,484156400
2013-01-08,18.9,18.996,18.616,18.761,458707200
2013-01-09,18.661,18.75,18.428,18.468,407604400
2013-01-10,18.877,18.883,18.411,18.697,601146000
2013-01-11,18.607,18.761,18.536,18.582,350506800
2013-01-14,17.953,18.125,17.804,17.92,734207600
2013-01-15,17.796,17.821,17.264,17.354,876772400
2013-01-16,17.666,18.194,17.589,18.075,690804800
2013-01-17,18.225,18.241,17.93,17.953,453678400
2013-01-18,17.804,17.936,17.729,17.857,472922800
2013-01-22,18.02,18.139,17.737,18.028,461546400
2013-01-23,18.172,18.392,18.028,18.358,861509600
2013-01-24,16.429,16.633,16.08,16.089,1460852400
2013-01-25,16.132,16.294,15.536,15.71,1208026400
2013-01-28,15.637,16.186,15.566,16.065,785517600
2013-01-29,16.375,16.436,16.147,16.367,571158000
2013-01-30,16.321,16.521,16.232,16.315,417155200
2013-01-31,16.321,16.403,16.249,16.267,319334400
2013-02-01,16.397,16.41,16.013,16.201,539484400
2013-02-04,16.211,16.284,15.786,15.797,477117200
2013-02-05,15.859,16.419,15.794,16.351,573347600
2013-02-06,16.302,16.661,16.164,16.334,593706400
2013-02-07,16.545,16.786,16.219,16.722,704580800
2013-02-08,16.929,17.1,16.723,16.964,633158400
2013-02-11,17.018,17.319,16.902,17.14,517490400
2013-02-12,17.125,17.228,16.705,16.711,609053200
2013-02-13,16.686,16.916,16.544,16.679,475207600
2013-02-14,16.59,16.844,16.572,16.664,355275200
2013-02-15,16.745,16.791,16.426,16.434,391745200
2013-02-19,16.468,16.526,16.209,16.428,435783600
2013-02-20,16.346,16.346,16.029,16.03,476302400
2013-02-21,15.929,16.042,15.815,15.931,447182400
2013-02-22,16.045,16.129,15.95,16.1,330654800
2013-02-25,16.209,16.254,15.806,15.814,372579200
2013-02-26,15.851,16.126,15.631,16.035,501499600
2013-02-27,16.015,16.159,15.738,15.877,587350400
2013-02-28,15.859,15.995,15.764,15.764,322515200
2013-03-01,15.643,15.649,15.356,15.374,552448400
2013-03-04,15.279,15.293,14.964,15.002,582755600
2013-03-05,15.053,15.542,15.027,15.398,638433600
2013-03-06,15.518,15.545,15.158,15.202,460250000
2013-03-07,15.161,15.429,15.038,15.378,468473600
2013-03-08,15.35,15.551,15.307,15.419,391482000
2013-03-11,15.348,15.679,15.184,15.638,474236000
2013-03-12,15.557,15.674,15.27,15.301,465911600
2013-03-13,15.302,15.518,15.191,15.298,405549200
2013-03-14,15.458,15.523,15.373,15.446,303875600
2013-03-15,15.64,15.865,15.616,15.845,643960800
2013-03-18,15.766,16.338,15.757,16.276,606197200
2013-03-19,16.411,16.463,16.018,16.232,526775200
2013-03-20,16.336,16.344,16.057,16.146,308660800
2013-03-21,16.079,16.356,16.075,16.169,383255600
2013-03-22,16.235,16.504,16.183,16.497,395105200
2013-03-25,16.596,16.784,16.492,16.556,501135600
2013-03-26,16.623,16.637,16.448,16.469,294294000
2013-03-27,16.302,16.314,16.097,16.146,331237200
2013-03-28,16.065,16.136,15.772,15.809,442839600
2013-04-01,15.782,15.846,15.276,15.318,389732000
2013-04-02,15.271,15.648,15.229,15.35,529519200
2013-04-03,15.406,15.617,15.368,15.428,363216000
2013-04-04,15.491,15.536,15.188,15.276,358447600
2013-04-05,15.161,15.177,14.989,15.114,383695200
2013-04-08,15.173,15.268,15.089,15.222,300829200
2013-04-09,15.227,15.304,15.098,15.249,306614000
2013-04-10,15.289,15.609,15.215,15.56,375928000
2013-04-11,15.49,15.642,15.4,15.512,328364400
2013-04-12,15.505,15.505,15.325,15.35,238613200
2013-04-15,15.25,15.282,14.984,14.995,317520000
2013-04-16,15.056,15.236,15.02,15.223,305771200
2013-04-17,15.01,15.021,14.218,14.386,945056000
2013-04-18,14.464,14.493,13.919,14.002,666299200
2013-04-19,13.856,14.271,13.754,13.948,609274400
2013-04-22,14.023,14.364,13.974,14.238,429920400
2013-04-23,14.428,14.585,14.243,14.505,664238400
2013-04-24,14.055,14.83,14.018,14.481,969651200
2013-04-25,14.687,14.784,14.536,14.585,384837600
2013-04-26,14.636,14.956,14.58,14.9,764097600
2013-04-29,15.016,15.486,15.0,15.361,640326400
2013-04-30,15.539,15.902,15.431,15.814,691538400
2013-05-01,15.874,15.89,15.514,15.689,506909200
2013-05-02,15.778,16.021,15.737,15.911,421828400
2013-05-03,16.118,16.187,16.041,16.071,361300800
2013-05-06,16.275,16.507,16.225,16.454,496641600
2013-05-07,16.606,16.634,16.204,16.381,483753200
2013-05-08,16.394,16.62,16.279,16.566,472598000
2013-05-09,16.422,16.536,16.271,16.313,398487600
2013-05-10,16.356,16.418,16.089,16.177,334852000
2013-05-13,16.125,16.354,16.125,16.241,316948800
2013-05-14,16.209,16.257,15.791,15.852,447118000
2013-05-15,15.684,15.75,15.084,15.316,741613600
2013-05-16,15.116,15.637,14.961,15.521,603204000
2013-05-17,15.68,15.717,15.393,15.474,427904400
2013-05-20,15.425,15.921,15.361,15.819,451578400
2013-05-21,15.648,15.91,15.507,15.702,456022000
2013-05-22,15.859,16.013,15.651,15.762,443038400
2013-05-23,15.57,15.934,15.564,15.791,353021200
2013-05-24,15.745,15.916,15.727,15.898,276166800
2013-05-28,16.068,16.111,15.745,15.766,386145200
2013-05-29,15.714,15.982,15.693,15.891,330576400
2013-05-30,15.916,16.232,15.875,16.128,353519600
2013-05-31,16.161,16.325,16.054,16.062,384302800
2013-06-03,16.097,16.156,15.803,16.097,372352400
2013-06-04,16.186,16.23,15.978,16.047,292728800
2013-06-05,15.916,16.097,15.847,15.897,290589600
2013-06-06,15.91,15.964,15.502,15.659,416934000
2013-06-07,15.589,15.83,15.456,15.779,404535600
2013-06-10,15.883,16.039,15.6,15.675,450153200
2013-06-11,15.562,15.813,15.476,15.629,286112400
2013-06-12,15.696,15.759,15.411,15.435,265227200
2013-06-13,15.446,15.612,15.312,15.57,285832400
2013-06-14,15.55,15.582,15.304,15.359,271866000
2013-06-17,15.409,15.561,15.37,15.429,259414400
2013-06-18,15.413,15.532,15.365,15.42,195025600
2013-06-19,15.407,15.416,15.107,15.107,310940000
2013-06-20,14.975,15.214,14.828,14.887,357310800
2013-06-21,14.946,15.0,14.575,14.768,481118400
2013-06-24,14.55,14.595,14.216,14.376,480746000
2013-06-25,14.489,14.564,14.244,14.38,314162800
2013-06-26,14.425,14.457,14.131,14.217,367724000
2013-06-27,14.259,14.335,14.055,14.064,337246000
2013-06-28,13.977,14.295,13.888,14.162,578516400
2013-07-01,14.382,14.724,14.329,14.615,391053600
2013-07-02,14.641,15.058,14.624,14.946,469865200
2013-07-03,15.031,15.106,14.909,15.029,240928800
2013-07-05,15.014,15.118,14.834,14.908,274024800
2013-07-08,15.004,15.036,14.666,14.823,298138400
2013-07-09,14.771,15.125,14.656,15.084,352584400
2013-07-10,14.986,15.171,14.938,15.026,281405600
2013-07-11,15.105,15.295,15.042,15.26,326292400
2013-07-12,15.273,15.35,15.122,15.233,279563200
2013-07-15,15.179,15.409,15.171,15.266,241917200
2013-07-16,15.233,15.382,15.149,15.364,216538000
2013-07-17,15.346,15.436,15.294,15.368,198990400
2013-07-18,15.478,15.531,15.379,15.42,218878800
2013-07-19,15.468,15.499,15.155,15.177,268721600
2013-07-22,15.338,15.348,15.195,15.225,207796400
2013-07-23,15.214,15.249,14.954,14.964,369395600
2013-07-24,15.676,15.878,15.545,15.733,591936800
2013-07-25,15.739,15.764,15.565,15.661,229493600
2013-07-26,15.546,15.751,15.512,15.75,200152400
2013-07-29,15.743,16.071,15.721,15.993,248057600
2013-07-30,16.07,16.327,16.044,16.19,309422400
2013-07-31,16.25,16.334,16.051,16.162,322957600
2013-08-01,16.277,16.314,16.188,16.31,206250800
2013-08-02,16.358,16.53,16.309,16.519,274783600
2013-08-05,16.596,16.81,16.505,16.766,318855600
2013-08-06,16.715,16.853,16.506,16.616,334857600
2013-08-07,16.564,16.679,16.492,16.606,298858000
2013-08-08,16.566,16.575,16.355,16.465,255777200
2013-08-09,16.38,16.445,16.202,16.23,266865200
2013-08-12,16.316,16.737,16.308,16.691,364434000
2013-08-13,16.819,17.666,16.716,17.485,881941200
2013-08-14,17.781,18.009,17.621,17.804,756372400
2013-08-15,17.729,17.943,17.467,17.782,490294000
2013-08-16,17.862,17.962,17.816,17.94,362306000
2013-08-19,18.012,18.348,18.0,18.134,510518400
2013-08-20,18.204,18.235,17.886,17.895,358688400
2013-08-21,17.985,18.112,17.9,17.941,335879600
2013-08-22,18.035,18.057,17.793,17.963,244207600
2013-08-23,17.974,17.977,17.834,17.894,222731600
2013-08-26,17.884,18.221,17.875,17.963,330965600
2013-08-27,17.786,17.947,17.368,17.45,424188800
2013-08-28,17.357,17.707,17.357,17.532,307608000
2013-08-29,17.559,17.732,17.54,17.561,239657600
2013-08-30,17.571,17.605,17.375,17.401,272297200
2013-09-03,17.611,17.879,17.405,17.449,331928800
2013-09-04,17.841,17.937,17.724,17.81,345032800
2013-09-05,17.866,17.881,17.63,17.688,236367600
2013-09-06,17.801,17.835,17.498,17.794,359525600
2013-09-09,18.036,18.14,17.981,18.077,340687200
2013-09-10,18.079,18.123,17.482,17.666,743195600
2013-09-11,16.679,16.917,16.6,16.704,898696400
2013-09-12,16.732,16.979,16.643,16.882,404051200
2013-09-13,16.762,16.851,16.596,16.604,298835600
2013-09-16,16.464,16.486,15.972,16.076,543706800
2013-09-17,15.999,16.418,15.982,16.261,399380800
2013-09-18,16.542,16.655,16.452,16.596,456862000
2013-09-19,16.811,16.994,16.759,16.868,404541200
2013-09-20,17.071,17.091,16.643,16.693,699302800
2013-09-23,17.718,17.747,17.236,17.523,762106800
2013-09-24,17.674,17.695,17.422,17.468,364344400
2013-09-25,17.471,17.487,17.194,17.198,316957200
2013-09-26,17.357,17.449,17.282,17.365,237221600
2013-09-27,17.278,17.31,17.169,17.241,228040400
2013-09-30,17.045,17.202,16.943,17.027,260156400
2013-10-01,17.087,17.469,17.085,17.427,353883600
2013-10-02,17.344,17.564,17.277,17.484,289184000
2013-10-03,17.518,17.584,17.169,17.265,322753200
2013-10-04,17.281,17.307,17.093,17.251,258868400
2013-10-07,17.377,17.595,17.334,17.42,312292400
2013-10-08,17.498,17.523,17.162,17.176,290917200
2013-10-09,17.309,17.421,17.081,17.378,301725200
2013-10-10,17.547,17.585,17.394,17.487,278602800
2013-10-11,17.392,17.637,17.327,17.6,267738800
2013-10-14,17.494,17.771,17.477,17.716,261898000
2013-10-15,17.768,17.929,17.697,17.81,320073600
2013-10-16,17.885,17.948,17.83,17.897,251101200
2013-10-17,17.856,18.028,17.846,18.018,253593200
2013-10-18,18.071,18.188,18.061,18.175,290542000
2013-10-21,18.278,18.725,18.269,18.62,398106800
2013-10-22,18.8,18.873,18.144,18.567,534063600
2013-10-23,18.536,18.774,18.536,18.749,313723200
2013-10-24,18.75,19.017,18.659,18.997,384764800
2013-10-25,18.976,19.044,18.754,18.784,337792000
2013-10-28,18.894,18.964,18.686,18.924,550440800
2013-10-29,19.153,19.259,18.376,18.453,635807200
2013-10-30,18.558,18.84,18.465,18.746,354163600
2013-10-31,18.75,18.839,18.617,18.668,275696400
2013-11-01,18.715,18.743,18.423,18.573,274890000
2013-11-04,18.611,18.815,18.529,18.812,244627600
2013-11-05,18.735,18.889,18.679,18.766,265213200
2013-11-06,18.72,18.745,18.507,18.604,223375600
2013-11-07,18.556,18.685,18.299,18.303,262620400
2013-11-08,18.378,18.612,18.307,18.591,279316800
2013-11-11,18.571,18.631,18.372,18.538,227452400
2013-11-12,18.488,18.711,18.464,18.572,204276800
2013-11-13,18.5,18.652,18.463,18.594,197220800
2013-11-14,18.672,18.903,18.638,18.863,282419200
2013-11-15,18.806,18.896,18.732,18.75,317920400
2013-11-18,18.75,18.828,18.507,18.522,244944000
2013-11-19,18.537,18.692,18.499,18.555,208938800
2013-11-20,18.544,18.586,18.369,18.393,193916800
2013-11-21,18.486,18.615,18.345,18.612,262026800
2013-11-22,18.554,18.649,18.519,18.564,223725600
2013-11-25,18.608,18.781,18.607,18.705,229311600
2013-11-26,18.719,19.148,18.714,19.05,401382800
2013-11-27,19.154,19.5,19.05,19.499,363448400
2013-11-29,19.624,19.94,19.565,19.86,318127600
2013-12-02,19.929,20.155,19.672,19.687,472544800
2013-12-03,19.939,20.228,19.917,20.226,450968000
2013-12-04,20.196,20.328,20.029,20.179,377809600
2013-12-05,20.452,20.541,20.229,20.282,447580000
2013-12-06,20.207,20.241,19.985,20.001,344352400
2013-12-09,20.032,20.342,20.032,20.23,320493600
2013-12-10,20.128,20.281,20.043,20.198,278269600
2013-12-11,20.25,20.392,19.989,20.049,359718800
2013-12-12,20.076,20.191,20.001,20.019,262290000
2013-12-13,20.102,20.103,19.774,19.801,332822000
2013-12-16,19.822,20.094,19.822,19.911,282592800
2013-12-17,19.85,19.98,19.764,19.821,229902400
2013-12-18,19.632,19.695,19.243,19.67,565863200
2013-12-19,19.625,19.643,19.419,19.445,320308800
2013-12-20,19.48,19.7,19.458,19.608,436413600
2013-12-23,20.286,20.383,20.099,20.36,501306400
2013-12-24,20.353,20.424,20.215,20.274,167554800
2013-12-26,20.289,20.339,20.121,20.139,204008000
2013-12-27,20.136,20.157,19.982,20.003,225884400
2013-12-30,19.909,20.003,19.726,19.804,253629600
2013-12-31,19.792,20.046,19.786,20.036,223084400
2014-01-02,19.846,19.894,19.715,19.755,234684800
2014-01-03,19.745,19.775,19.301,19.321,392467600
2014-01-06,19.195,19.529,19.057,19.426,412610800
2014-01-07,19.44,19.499,19.211,19.287,317209200
2014-01-08,19.243,19.484,19.239,19.409,258529600
2014-01-09,19.529,19.531,19.12,19.161,279148800
2014-01-10,19.28,19.314,18.968,19.034,304976000
2014-01-13,18.925,19.375,18.924,19.133,378492800
2014-01-14,19.222,19.526,19.202,19.514,332561600
2014-01-15,19.769,20.007,19.702,19.906,391638800
2014-01-16,19.818,19.888,19.703,19.795,229278000
2014-01-17,19.696,19.717,19.282,19.31,426739600
2014-01-21,19.321,19.645,19.301,19.61,328526800
2014-01-22,19.675,19.903,19.565,19.697,379985200
2014-01-23,19.641,19.875,19.458,19.864,403239200
2014-01-24,19.786,19.844,19.455,19.503,429354800
2014-01-27,19.645,19.814,19.491,19.661,554878800
2014-01-28,18.17,18.393,17.931,18.089,1065523200
2014-01-29,17.998,18.12,17.808,17.884,502810000
2014-01-30,17.948,18.089,17.739,17.849,678501600
2014-01-31,17.685,17.912,17.627,17.879,464797200
2014-02-03,17.95,18.133,17.832,17.912,401464000
2014-02-04,18.066,18.195,17.956,18.171,376681200
2014-02-05,18.091,18.403,18.08,18.307,328344800
2014-02-06,18.216,18.339,18.136,18.304,257765200
2014-02-07,18.621,18.676,18.478,18.56,370280400
2014-02-10,18.524,19.0,18.5,18.892,345559200
2014-02-11,18.95,19.205,18.911,19.141,282256800
2014-02-12,19.177,19.27,19.044,19.14,308100800
2014-02-13,19.095,19.459,19.079,19.444,307398000
2014-02-14,19.374,19.499,19.329,19.428,272924400
2014-02-18,19.5,19.685,19.486,19.5,260251600
2014-02-19,19.455,19.532,19.084,19.192,313768000
2014-02-20,19.035,19.179,18.893,18.97,305858000
2014-02-21,19.028,19.092,18.736,18.759,278784800
2014-02-24,18.684,18.926,18.658,18.841,288909600
2014-02-25,18.906,18.913,18.607,18.645,231952000
2014-02-26,18.7,18.75,18.414,18.477,276217200
2014-02-27,18.469,18.885,18.43,18.845,301882000
2014-02-28,18.896,19.027,18.647,18.794,371968800
2014-03-03,18.694,18.952,18.672,18.849,238781200
2014-03-04,18.964,19.023,18.849,18.973,259140000
2014-03-05,18.961,19.098,18.897,19.013,200062800
2014-03-06,19.028,19.087,18.861,18.955,185488800
2014-03-07,18.968,18.999,18.788,18.944,220729600
2014-03-10,18.87,19.048,18.869,18.961,178584000
2014-03-11,19.123,19.241,19.021,19.146,279224400
2014-03-12,19.09,19.191,19.0,19.165,199326400
2014-03-13,19.194,19.274,18.899,18.952,257742800
2014-03-14,18.885,18.96,18.679,18.739,237199200
2014-03-17,18.846,18.927,18.78,18.812,199544800
2014-03-18,18.782,18.999,18.757,18.979,209647200
2014-03-19,19.009,19.151,18.893,18.974,224756000
2014-03-20,18.925,19.024,18.834,18.882,208398400
2014-03-21,18.997,19.062,18.798,19.031,374046400
2014-03-24,19.229,19.304,19.109,19.257,355700800
2014-03-25,19.339,19.491,19.271,19.464,282293200
2014-03-26,19.519,19.607,19.245,19.278,299768000
2014-03-27,19.286,19.339,19.111,19.195,222031600
2014-03-28,19.226,19.248,19.08,19.174,200564000
2014-03-31,19.258,19.315,19.14,19.169,168669200
2014-04-01,19.206,19.353,19.17,19.345,200760000
2014-04-02,19.371,19.41,19.295,19.377,180420800
2014-04-03,19.335,19.375,19.201,19.243,162344000
2014-04-04,19.279,19.286,18.949,18.994,275251200
2014-04-07,18.858,18.961,18.639,18.695,289850400
2014-04-08,18.757,18.79,18.525,18.694,243888400
2014-04-09,18.666,18.946,18.644,18.94,206169600
2014-04-10,18.953,19.009,18.685,18.696,239652000
2014-04-11,18.536,18.673,18.469,18.558,271717600
2014-04-14,18.639,18.649,18.472,18.631,205674000
2014-04-15,18.581,18.63,18.262,18.499,266490000
2014-04-16,18.502,18.61,18.362,18.536,214765600
2014-04-17,18.571,18.849,18.543,18.748,284334400
2014-04-21,18.762,19.005,18.713,18.97,182548800
2014-04-22,18.868,18.994,18.804,18.989,202563200
2014-04-23,18.895,18.969,18.73,18.741,394940000
2014-04-24,20.293,20.357,20.026,20.278,759911600
2014-04-25,20.162,20.428,20.141,20.426,390275200
2014-04-28,20.457,21.277,20.448,21.218,669485600
2014-04-29,21.205,21.285,21.054,21.155,337377600
2014-04-30,21.166,21.408,21.064,21.075,456640800
2014-05-01,21.143,21.243,20.941,21.124,244048000
2014-05-02,21.155,21.221,21.061,21.164,191514400
2014-05-05,21.076,21.464,21.071,21.463,287067200
2014-05-06,21.493,21.586,21.229,21.229,374564400
2014-05-07,21.259,21.332,20.99,21.155,282864400
2014-05-08,21.009,21.229,20.943,21.0,230297200
2014-05-09,20.876,20.938,20.726,20.912,291597600
2014-05-12,20.982,21.202,20.979,21.173,213208800
2014-05-13,21.143,21.234,21.096,21.206,159737200
2014-05-14,21.158,21.336,21.134,21.21,166404000
2014-05-15,21.239,21.307,21.001,21.029,230846000
2014-05-16,21.022,21.34,20.907,21.34,276256400
2014-05-19,21.352,21.69,21.333,21.593,317755200
2014-05-20,21.59,21.657,21.455,21.597,234836000
2014-05-21,21.565,21.668,21.502,21.654,196859600
2014-05-22,21.664,21.78,21.575,21.688,200760000
2014-05-23,21.688,21.955,21.66,21.933,232209600
2014-05-27,21.996,22.352,21.987,22.344,348866000
2014-05-28,22.358,22.494,22.278,22.286,315481600
2014-05-29,22.423,22.745,22.42,22.692,376474000
2014-05-30,22.785,23.006,22.461,22.607,564020800
2014-06-02,22.641,22.673,22.232,22.452,369350800
2014-06-03,22.445,22.812,22.438,22.769,292709200
2014-06-04,22.766,23.139,22.718,23.029,335482000
2014-06-05,23.079,23.192,22.95,23.12,303805600
2014-06-06,23.211,23.259,23.017,23.056,349938400
2014-06-09,23.175,23.47,22.938,23.425,301660000
2014-06-10,23.683,23.763,23.392,23.562,251108000
2014-06-11,23.532,23.69,23.368,23.465,182724000
2014-06-12,23.51,23.53,22.975,23.073,218996000
2014-06-13,23.05,23.11,22.72,22.82,218100000
2014-06-16,22.878,23.188,22.862,23.05,142244000
2014-06-17,23.077,23.175,22.95,23.02,118904000
2014-06-18,23.067,23.073,22.837,23.045,134056000
2014-06-19,23.073,23.075,22.835,22.965,142112000
2014-06-20,22.962,23.138,22.725,22.728,403592000
2014-06-23,22.83,22.905,22.65,22.708,174776000
2014-06-24,22.688,22.935,22.548,22.57,156144000
2014-06-25,22.552,22.675,22.413,22.59,147476000
2014-06-26,22.593,22.763,22.45,22.725,130516000
2014-06-27,22.705,23.0,22.692,22.995,256116000
2014-06-30,23.025,23.433,23.022,23.233,197929200
2014-07-01,23.38,23.517,23.282,23.38,152892000
2014-07-02,23.468,23.515,23.272,23.37,113860000
2014-07-03,23.417,23.525,23.3,23.507,91567200
2014-07-07,23.535,23.997,23.525,23.993,225872000
2014-07-08,24.067,24.2,23.48,23.837,260888000
2014-07-09,23.86,23.987,23.69,23.847,145744000
2014-07-10,23.44,23.888,23.38,23.76,158744000
2014-07-11,23.84,23.972,23.715,23.805,136072000
2014-07-14,23.965,24.222,23.913,24.112,171240000
2014-07-15,24.2,24.212,23.757,23.83,181911600
2014-07-16,24.243,24.275,23.685,23.695,213585200
2014-07-17,23.757,23.82,23.142,23.272,229192000
2014-07-18,23.405,23.685,23.255,23.608,199952000
2014-07-21,23.747,23.75,23.43,23.485,156316000
2014-07-22,23.67,23.722,23.53,23.68,220788000
2014-07-23,23.855,24.47,23.792,24.298,371672000
2014-07-24,24.26,24.33,24.105,24.257,182916000
2014-07-25,24.212,24.46,24.16,24.417,173876000
2014-07-28,24.455,24.81,24.388,24.755,221272000
2014-07-29,24.833,24.86,24.562,24.595,172572000
2014-07-30,24.61,24.675,24.417,24.538,132040000
2014-07-31,24.29,24.362,23.833,23.9,227372000
2014-08-01,23.725,24.155,23.702,24.032,194044000
2014-08-04,24.093,24.145,23.792,23.897,159832000
2014-08-05,23.84,23.92,23.59,23.78,223732000
2014-08-06,23.688,23.87,23.677,23.74,154232000
2014-08-07,23.733,23.987,23.525,23.62,186844000
2014-08-08,23.565,23.705,23.32,23.685,167460000
2014-08-11,23.817,24.02,23.71,23.997,146340000
2014-08-12,24.01,24.22,23.903,23.993,135180000
2014-08-13,24.038,24.31,24.01,24.31,127664000
2014-08-14,24.333,24.392,24.2,24.375,112464000
2014-08-15,24.475,24.548,24.215,24.495,195804000
2014-08-18,24.622,24.843,24.495,24.79,190288000
2014-08-19,24.853,25.17,24.83,25.132,277596000
2014-08-20,25.11,25.272,24.987,25.142,210796000
2014-08-21,25.142,25.235,25.028,25.145,133912000
2014-08-22,25.073,25.368,25.048,25.33,176736000
2014-08-25,25.448,25.542,25.32,25.385,161080000
2014-08-26,25.355,25.375,25.215,25.222,132608000
2014-08-27,25.255,25.642,25.175,25.532,209476000
2014-08-28,25.397,25.695,25.39,25.562,273840000
2014-08-29,25.715,25.725,25.55,25.625,178380000
2014-09-02,25.765,25.935,25.68,25.825,214256000
2014-09-03,25.775,25.8,24.645,24.735,501684000
2014-09-04,24.712,25.022,24.448,24.53,342872000
2014-09-05,24.7,24.847,24.577,24.743,233828000
2014-09-08,24.825,24.827,24.513,24.59,185426800
2014-09-09,24.77,25.77,24.035,24.497,759385200
2014-09-10,24.503,25.278,24.44,25.25,403478400
2014-09-11,25.103,25.36,24.905,25.358,249412400
2014-09-12,25.302,25.548,25.27,25.415,250504400
2014-09-15,25.702,25.763,25.36,25.407,245266000
2014-09-16,24.95,25.315,24.722,25.215,267632400
2014-09-17,25.317,25.45,25.147,25.395,243706000
2014-09-18,25.483,25.587,25.39,25.448,149197600
2014-09-19,25.573,25.587,25.125,25.24,283609600
2014-09-22,25.45,25.535,25.145,25.265,211153600
2014-09-23,25.15,25.735,25.135,25.66,253608800
2014-09-24,25.54,25.712,25.3,25.438,240687200
2014-09-25,25.128,25.177,24.43,24.468,400368000
2014-09-26,24.632,25.188,24.6,25.188,249482000
2014-09-29,24.663,25.11,24.657,25.028,199065200
2014-09-30,25.202,25.385,25.132,25.188,221056400
2014-10-01,25.147,25.173,24.675,24.795,205965200
2014-10-02,24.817,25.055,24.51,24.975,191031200
2014-10-03,24.86,25.052,24.76,24.905,173878400
2014-10-06,24.987,25.163,24.855,24.905,148204800
2014-10-07,24.858,25.03,24.683,24.688,168376800
2014-10-08,24.69,25.278,24.577,25.2,229618800
2014-10-09,25.385,25.595,25.153,25.255,309506000
2014-10-10,25.173,25.507,25.075,25.183,265326400
2014-10-13,25.333,25.445,24.952,24.952,214333600
2014-10-14,25.097,25.13,24.642,24.688,254754400
2014-10-15,24.493,24.788,23.795,24.385,403734400
2014-10-16,23.888,24.43,23.853,24.065,288618000
2014-10-17,24.375,24.75,24.202,24.417,272718800
2014-10-20,24.58,24.99,24.555,24.94,310069200
2014-10-21,25.755,25.755,25.317,25.618,378495600
2014-10-22,25.71,26.028,25.65,25.747,273052400
2014-10-23,26.02,26.263,25.907,26.208,284298800
2014-10-24,26.295,26.372,26.132,26.305,188215600
2014-10-27,26.212,26.37,26.175,26.278,136750800
2014-10-28,26.35,26.685,26.337,26.685,192243600
2014-10-29,26.663,26.843,26.59,26.835,210751600
2014-10-30,26.74,26.837,26.475,26.745,162619200
2014-10-31,27.003,27.01,26.802,27.0,178557200
2014-11-03,27.055,27.575,27.003,27.35,209130400
2014-11-04,27.34,27.372,26.93,27.15,166297600
2014-11-05,27.275,27.325,27.032,27.215,149743600
2014-11-06,27.15,27.198,26.95,27.175,139874000
2014-11-07,27.188,27.33,27.138,27.253,134766000
2014-11-10,27.255,27.333,27.167,27.208,108782000
2014-11-11,27.175,27.438,27.1,27.425,109769200
2014-11-12,27.345,27.858,27.343,27.812,187769600
2014-11-13,27.95,28.362,27.9,28.205,238091600
2014-11-14,28.288,28.548,27.802,28.545,176254400
2014-11-17,28.567,29.32,28.325,28.497,186986800
2014-11-18,28.485,28.923,28.472,28.868,176896000
2014-11-19,28.86,28.935,28.45,28.667,167476800
2014-11-20,28.728,29.215,28.712,29.077,173582000
2014-11-21,29.378,29.392,29.007,29.118,228717200
2014-11-24,29.212,29.692,29.155,29.657,189803200
2014-11-25,29.767,29.938,29.362,29.4,275361600
2014-11-26,29.485,29.775,29.458,29.75,163073200
2014-11-28,29.817,29.85,29.513,29.733,99257600
2014-12-01,29.702,29.812,27.817,28.767,335256000
2014-12-02,28.375,28.938,28.188,28.657,237395600
2014-12-03,28.938,29.087,28.778,28.983,172253600
2014-12-04,28.942,29.3,28.823,28.872,168178000
2014-12-05,28.997,29.02,28.66,28.75,153275600
2014-12-08,28.525,28.663,27.905,28.1,230659600
2014-12-09,27.548,28.575,27.337,28.53,240832000
2014-12-10,28.603,28.712,27.885,27.987,178261200
2014-12-11,28.065,28.45,27.835,27.905,165606800
2014-12-12,27.615,27.968,27.395,27.433,224112400
2014-12-15,27.675,27.9,26.587,27.058,268872400
2014-12-16,26.593,27.54,26.565,26.688,243162800
2014-12-17,26.78,27.46,26.705,27.353,213647200
2014-12-18,27.968,28.163,27.665,28.163,236024800
2014-12-19,28.065,28.31,27.915,27.945,353719200
2014-12-22,28.04,28.372,27.993,28.235,180670000
2014-12-23,28.308,28.333,28.115,28.135,104113600
2014-12-24,28.145,28.177,28.003,28.003,57918400
2014-12-26,28.025,28.63,28.003,28.497,134884000
2014-12-29,28.448,28.692,28.425,28.478,110395600
2014-12-30,28.41,28.48,28.028,28.13,119526000
2014-12-31,28.205,28.282,27.552,27.595,165613600
2015-01-02,27.847,27.86,26.837,27.333,212818400
2015-01-05,27.073,27.163,26.353,26.562,257142000
2015-01-06,26.635,26.858,26.157,26.565,263188400
2015-01-07,26.8,27.05,26.675,26.938,160423600
2015-01-08,27.308,28.038,27.175,27.972,237458000
2015-01-09,28.167,28.312,27.552,28.003,214798000
2015-01-12,28.15,28.157,27.2,27.312,198603200
2015-01-13,27.858,28.2,27.228,27.555,268367600
2015-01-14,27.26,27.622,27.125,27.45,195826400
2015-01-15,27.5,27.515,26.665,26.705,240056000
2015-01-16,26.757,26.895,26.3,26.497,314053200
2015-01-20,26.96,27.243,26.625,27.18,199599600
2015-01-21,27.237,27.765,27.067,27.388,194303600
2015-01-22,27.565,28.118,27.43,28.1,215185600
2015-01-23,28.075,28.438,27.882,28.245,185859200
2015-01-26,28.435,28.59,28.2,28.275,222460000
2015-01-27,28.105,28.12,27.257,27.285,382274800
2015-01-28,29.407,29.53,28.827,28.827,585908400
2015-01-29,29.08,29.798,28.89,29.725,337745600
2015-01-30,29.6,30.0,29.212,29.29,334982000
2015-02-02,29.513,29.792,29.02,29.657,250956400
2015-02-03,29.625,29.772,29.403,29.663,207662800
2015-02-04,29.625,30.128,29.577,29.89,280598800
2015-02-05,30.005,30.058,29.812,29.985,168984800
2015-02-06,30.005,30.062,29.612,29.733,174826400
2015-02-09,29.638,29.96,29.608,29.93,155559200
2015-02-10,30.042,30.538,30.04,30.505,248034000
2015-02-11,30.692,31.23,30.625,31.22,294247200
2015-02-12,31.515,31.87,31.392,31.615,297898000
2015-02-13,31.82,31.82,31.413,31.77,217088800
2015-02-17,31.872,32.22,31.73,31.958,252609600
2015-02-18,31.907,32.195,31.862,32.18,179566800
2015-02-19,32.12,32.257,32.083,32.112,149449600
2015-02-20,32.155,32.375,32.013,32.375,195793600
2015-02-23,32.505,33.25,32.415,33.25,283896400
2015-02-24,33.235,33.4,32.792,33.042,276912400
2015-02-25,32.89,32.9,32.037,32.197,298846800
2015-02-26,32.197,32.717,31.653,32.605,365150000
2015-02-27,32.5,32.643,32.06,32.115,248059200
2015-03-02,32.312,32.57,32.075,32.272,192386800
2015-03-03,32.24,32.38,32.022,32.34,151265200
2015-03-04,32.275,32.39,32.08,32.135,126665200
2015-03-05,32.145,32.188,31.44,31.603,226068400
2015-03-06,32.1,32.342,31.565,31.65,291368400
2015-03-09,31.99,32.393,31.265,31.785,354114000
2015-03-10,31.603,31.805,30.95,31.128,275426400
2015-03-11,31.188,31.192,30.528,30.56,275756000
2015-03-12,30.577,31.225,30.407,31.112,193450800
2015-03-13,31.1,31.35,30.645,30.897,207309200
2015-03-16,30.97,31.237,30.718,31.237,143497200
2015-03-17,31.475,31.83,31.413,31.76,204092400
2015-03-18,31.75,32.29,31.593,32.118,261083600
2015-03-19,32.188,32.312,31.85,31.875,183238000
2015-03-20,32.062,32.1,31.29,31.475,274780400
2015-03-23,31.78,31.962,31.63,31.802,150838800
2015-03-24,31.808,32.01,31.64,31.673,131369200
2015-03-25,31.635,31.705,30.845,30.845,206620800
2015-03-26,30.69,31.22,30.65,31.06,190291600
2015-03-27,31.142,31.175,30.728,30.812,158184800
2015-03-30,31.013,31.6,31.0,31.593,188398800
2015-03-31,31.522,31.622,31.09,31.108,168362400
2015-04-01,31.205,31.28,30.775,31.062,162485600
2015-04-02,31.257,31.39,31.048,31.33,128880400
2015-04-06,31.118,31.878,31.083,31.837,148776000
2015-04-07,31.91,32.03,31.495,31.503,140049200
2015-04-08,31.462,31.6,31.243,31.4,149316800
2015-04-09,31.462,31.645,31.165,31.64,129936000
2015-04-10,31.487,31.802,31.315,31.775,160752000
2015-04-13,32.092,32.143,31.653,31.712,145460400
2015-04-14,31.75,31.823,31.478,31.575,102098400
2015-04-15,31.603,31.782,31.503,31.695,115881600
2015-04-16,31.57,31.775,31.528,31.542,113476000
2015-04-17,31.388,31.535,31.115,31.188,207828000
2015-04-20,31.392,32.03,31.292,31.9,188217200
2015-04-21,32.025,32.05,31.667,31.728,129740400
2015-04-22,31.747,32.217,31.58,32.155,150618000
2015-04-23,32.075,32.605,32.035,32.417,183083600
2015-04-24,32.623,32.658,32.307,32.57,178103600
2015-04-27,33.077,33.283,32.787,33.162,387816800
2015-04-28,33.615,33.635,32.393,32.64,475696000
2015-04-29,32.54,32.897,32.075,32.16,253544400
2015-04-30,32.16,32.16,31.145,31.288,332781600
2015-05-01,31.525,32.533,31.325,32.237,234050400
2015-05-04,32.375,32.643,32.065,32.175,203953200
2015-05-05,32.037,32.112,31.445,31.45,197085600
2015-05-06,31.64,31.688,30.84,31.253,288564000
2015-05-07,31.192,31.52,31.005,31.315,175763600
2015-05-08,31.67,31.905,31.528,31.905,222201600
2015-05-11,31.847,31.89,31.407,31.58,168143200
2015-05-12,31.4,31.72,31.205,31.468,192640000
2015-05-13,31.538,31.798,31.468,31.503,138776800
2015-05-14,31.853,32.237,31.79,32.237,180814000
2015-05-15,32.268,32.373,32.053,32.193,152832000
2015-05-18,32.095,32.68,32.09,32.548,203531600
2015-05-19,32.673,32.72,32.41,32.518,178532800
2015-05-20,32.5,32.745,32.335,32.515,145819600
2015-05-21,32.518,32.908,32.458,32.847,158921600
2015-05-22,32.9,33.243,32.85,33.135,182384000
2015-05-26,33.15,33.228,32.28,32.405,282790400
2015-05-27,32.585,33.065,32.513,33.01,183332800
2015-05-28,32.965,32.987,32.775,32.945,122933200
2015-05-29,32.807,32.862,32.475,32.57,203538000
2015-06-01,32.57,32.847,32.513,32.635,128451200
2015-06-02,32.465,32.665,32.33,32.49,134670400
2015-06-03,32.665,32.735,32.475,32.53,123934000
2015-06-04,32.395,32.645,32.228,32.34,153800400
2015-06-05,32.375,32.423,32.09,32.162,142507200
2015-06-08,32.225,32.303,31.708,31.95,210699200
2015-06-09,31.675,32.02,31.405,31.855,224301600
2015-06-10,31.98,32.335,31.962,32.22,156349200
2015-06-11,32.295,32.545,32.12,32.147,141563600
2015-06-12,32.048,32.083,31.778,31.792,147544800
2015-06-15,31.525,31.81,31.427,31.73,175955600
2015-06-16,31.757,31.962,31.593,31.9,125976400
2015-06-17,31.93,31.97,31.685,31.825,131672400
2015-06-18,31.808,32.077,31.805,31.97,141628800
2015-06-19,31.927,31.955,31.6,31.65,218867600
2015-06-22,31.872,32.015,31.77,31.903,136157200
2015-06-23,31.87,31.903,31.72,31.757,121075600
2015-06-24,31.802,32.45,31.78,32.028,221123600
2015-06-25,32.215,32.3,31.875,31.875,127752400
2015-06-26,31.917,31.997,31.628,31.688,176267200
2015-06-29,31.365,31.618,31.12,31.132,196645600
2015-06-30,31.392,31.53,31.215,31.358,177482800
2015-07-01,31.725,31.735,31.497,31.65,120955200
2015-07-02,31.608,31.673,31.442,31.61,108844000
2015-07-06,31.235,31.558,31.212,31.5,112241600
2015-07-07,31.472,31.538,30.942,31.423,187787200
2015-07-08,31.12,31.16,30.635,30.642,243046400
2015-07-09,30.962,31.015,29.805,30.017,314380000
2015-07-10,30.485,30.962,30.302,30.82,245418000
2015-07-13,31.257,31.44,31.08,31.415,165762000
2015-07-14,31.51,31.593,31.26,31.403,127072400
2015-07-15,31.43,31.788,31.395,31.705,134596800
2015-07-16,31.935,32.143,31.837,32.127,144889600
2015-07-17,32.27,32.405,32.077,32.405,184658800
2015-07-20,32.743,33.243,32.675,33.018,235600800
2015-07-21,33.213,33.23,32.58,32.688,307025600
2015-07-22,30.497,31.375,30.497,31.305,461802400
2015-07-23,31.55,31.772,31.265,31.29,203998000
2015-07-24,31.33,31.435,30.975,31.125,168649200
2015-07-27,30.772,30.903,30.53,30.692,177822000
2015-07-28,30.845,30.978,30.638,30.845,134472400
2015-07-29,30.788,30.875,30.567,30.747,148046800
2015-07-30,30.58,30.642,30.427,30.593,134513200
2015-07-31,30.65,30.66,30.228,30.325,171540000
2015-08-03,30.375,30.642,29.38,29.61,279904000
2015-08-04,29.355,29.425,28.312,28.66,496554400
2015-08-05,28.237,29.36,28.025,28.85,397250400
2015-08-06,28.993,29.125,28.53,28.782,211612000
2015-08-07,28.645,29.062,28.625,28.88,154681600
2015-08-10,29.132,29.997,29.132,29.93,219806400
2015-08-11,29.452,29.545,28.333,28.372,388331200
2015-08-12,28.132,28.855,27.407,28.81,404870000
2015-08-13,29.01,29.1,28.635,28.788,194143200
2015-08-14,28.58,29.077,28.503,28.99,171718000
2015-08-17,29.01,29.413,28.875,29.29,163538800
2015-08-18,29.108,29.36,29.003,29.125,138242800
2015-08-19,29.025,29.13,28.67,28.753,193146000
2015-08-20,28.52,28.587,27.907,28.163,274006400
2015-08-21,27.608,27.975,26.413,26.44,513102000
2015-08-24,23.718,27.2,23.0,25.78,648825200
2015-08-25,27.778,27.778,25.875,25.935,414406400
2015-08-26,26.772,27.472,26.263,27.423,387098400
2015-08-27,28.058,28.31,27.505,28.23,338464400
2015-08-28,28.042,28.327,27.885,28.323,212657600
2015-08-31,28.007,28.632,28.0,28.19,224917200
2015-09-01,27.538,27.97,26.84,26.93,307383600
2015-09-02,27.558,28.085,27.282,28.085,247555200
2015-09-03,28.122,28.195,27.51,27.593,212935600
2015-09-04,27.243,27.612,27.128,27.317,199985200
2015-09-08,27.938,28.14,27.58,28.077,219374400
2015-09-09,28.44,28.505,27.442,27.538,340043200
2015-09-10,27.567,28.32,27.475,28.142,251571200
2015-09-11,27.948,28.552,27.94,28.552,199662000
2015-09-14,29.145,29.222,28.715,28.827,233453600
2015-09-15,28.983,29.132,28.605,29.07,173364800
2015-09-16,29.062,29.135,28.86,29.103,148694000
2015-09-17,28.915,29.122,28.43,28.48,256450400
2015-09-18,28.052,28.575,27.968,28.362,297141200
2015-09-21,28.417,28.843,28.415,28.802,200888000
2015-09-22,28.345,28.545,28.13,28.35,201384800
2015-09-23,28.407,28.68,28.325,28.58,143026800
2015-09-24,28.312,28.875,28.093,28.75,200878000
2015-09-25,29.11,29.173,28.505,28.677,224607600
2015-09-28,28.462,28.642,28.11,28.11,208436000
2015-09-29,28.208,28.378,26.965,27.265,293461600
2015-09-30,27.542,27.885,27.183,27.575,265892000
2015-10-01,27.267,27.405,26.827,27.395,255716400
2015-10-02,27.003,27.753,26.888,27.595,232079200
2015-10-05,27.47,27.843,27.267,27.695,208258800
2015-10-06,27.657,27.935,27.442,27.827,192787200
2015-10-07,27.935,27.942,27.353,27.695,187062400
2015-10-08,27.548,27.548,27.052,27.375,247918400
2015-10-09,27.5,28.07,27.372,28.03,211064400
2015-10-12,28.183,28.188,27.86,27.9,121868800
2015-10-13,27.705,28.112,27.67,27.948,132197200
2015-10-14,27.823,27.88,27.39,27.552,177849600
2015-10-15,27.733,28.025,27.622,27.965,150694000
2015-10-16,27.945,28.0,27.632,27.76,156930400
2015-10-19,27.7,27.938,27.528,27.933,119036800
2015-10-20,27.835,28.542,27.705,28.442,195871200
2015-10-21,28.5,28.895,28.425,28.44,167180800
2015-10-22,28.583,28.875,28.525,28.875,166616400
2015-10-23,29.175,29.808,29.083,29.77,237467600
2015-10-26,29.52,29.532,28.73,28.82,265335200
2015-10-27,28.85,29.135,28.497,28.638,279537600
2015-10-28,29.233,29.825,29.015,29.817,342205600
2015-10-29,29.675,30.173,29.567,30.132,204909200
2015-10-30,30.247,30.305,29.862,29.875,197461200
2015-11-02,30.2,30.34,29.903,30.295,128813200
2015-11-03,30.198,30.872,30.175,30.642,182076000
2015-11-04,30.782,30.955,30.405,30.5,179544400
2015-11-05,30.462,30.673,30.045,30.23,158210800
2015-11-06,30.278,30.452,30.155,30.265,132169200
2015-11-09,30.24,30.452,30.013,30.142,135485600
2015-11-10,29.225,29.517,29.015,29.192,236511600
2015-11-11,29.093,29.355,28.802,29.028,180872000
2015-11-12,29.065,29.205,28.913,28.93,130102400
2015-11-13,28.8,28.892,28.067,28.085,183249600
2015-11-16,27.845,28.56,27.75,28.545,152426800
2015-11-17,28.73,28.763,28.33,28.423,110467600
2015-11-18,28.94,29.372,28.875,29.323,186698800
2015-11-19,29.41,29.938,29.19,29.695,173183200
2015-11-20,29.8,29.98,29.712,29.825,137148400
2015-11-23,29.817,29.933,29.335,29.438,129930000
2015-11-24,29.333,29.837,29.28,29.72,171212800
2015-11-25,29.802,29.808,29.48,29.507,85553200
2015-11-27,29.573,29.603,29.4,29.452,52185600
2015-11-30,29.497,29.853,29.438,29.575,156721200
2015-12-01,29.688,29.702,29.215,29.335,139409600
2015-12-02,29.335,29.528,29.02,29.07,133546400
2015-12-03,29.138,29.198,28.555,28.8,166278000
2015-12-04,28.823,29.812,28.778,29.757,231108000
2015-12-07,29.745,29.965,29.452,29.57,128336800
2015-12-08,29.38,29.65,29.215,29.558,137238000
2015-12-09,29.41,29.423,28.77,28.905,185445600
2015-12-10,29.01,29.235,28.878,29.042,116850800
2015-12-11,28.798,28.847,28.212,28.295,187544800
2015-12-14,28.045,28.17,27.448,28.12,257274800
2015-12-15,27.985,28.2,27.587,27.622,213292400
2015-12-16,27.767,27.997,27.2,27.835,224954000
2015-12-17,28.005,28.062,27.245,27.245,179091200
2015-12-18,27.228,27.38,26.452,26.507,385813200
2015-12-21,26.82,26.843,26.392,26.833,190362400
2015-12-22,26.85,26.93,26.612,26.808,131157600
2015-12-23,26.817,27.212,26.8,27.153,130629600
2015-12-24,27.25,27.25,26.987,27.007,54281600
2015-12-28,26.897,26.923,26.545,26.705,106816800
2015-12-29,26.74,27.358,26.715,27.185,123724800
2015-12-30,27.145,27.175,26.795,26.83,100855200
2015-12-31,26.753,26.757,26.205,26.315,163649200
2016-01-04,25.653,26.343,25.5,26.337,270597600
2016-01-05,26.438,26.462,25.603,25.677,223164000
2016-01-06,25.14,25.593,24.968,25.175,273829600
2016-01-07,24.67,25.032,24.108,24.112,324377600
2016-01-08,24.638,24.778,24.19,24.24,283192000
2016-01-11,24.743,24.765,24.335,24.632,198957600
2016-01-12,25.138,25.173,24.71,24.99,196616800
2016-01-13,25.08,25.298,24.325,24.347,249758400
2016-01-14,24.49,25.12,23.935,24.88,252680400
2016-01-15,24.05,24.427,23.84,24.282,319335600
2016-01-19,24.603,24.663,23.875,24.165,212350800
2016-01-20,23.775,24.548,23.355,24.198,289337600
2016-01-21,24.265,24.47,23.735,24.075,208646000
2016-01-22,24.657,25.365,24.593,25.355,263202000
2016-01-25,25.38,25.382,24.802,24.86,207178000
2016-01-26,24.983,25.22,24.517,24.997,300308000
2016-01-27,24.01,24.157,23.335,23.355,533478800
2016-01-28,23.448,23.63,23.097,23.522,222715200
2016-01-29,23.698,24.335,23.587,24.335,257666000
2016-02-01,24.118,24.177,23.85,24.108,163774000
2016-02-02,23.855,24.01,23.57,23.62,149428800
2016-02-03,23.75,24.21,23.52,24.087,183857200
2016-02-04,23.965,24.333,23.798,24.15,185886800
2016-02-05,24.13,24.23,23.423,23.505,185672400
2016-02-08,23.282,23.925,23.26,23.753,216085600
2016-02-09,23.573,23.985,23.483,23.747,177324800
2016-02-10,23.98,24.087,23.525,23.567,169374400
2016-02-11,23.448,23.68,23.147,23.425,200298800
2016-02-12,23.548,23.625,23.253,23.497,161405600
2016-02-16,23.755,24.212,23.653,24.16,196231600
2016-02-17,24.167,24.552,24.038,24.53,179452800
2016-02-18,24.71,24.722,24.022,24.065,156084000
2016-02-19,24.0,24.19,23.95,24.01,141496800
2016-02-22,24.077,24.225,23.98,24.22,137123200
2016-02-23,24.1,24.125,23.638,23.673,127770400
2016-02-24,23.495,24.095,23.33,24.025,145022800
2016-02-25,24.013,24.19,23.812,24.19,110330800
2016-02-26,24.3,24.505,24.145,24.228,115964400
2016-02-29,24.215,24.558,24.163,24.173,140865200
2016-03-01,24.413,25.192,24.355,25.132,201628400
2016-03-02,25.128,25.222,24.91,25.188,132678400
2016-03-03,25.145,25.427,25.112,25.375,147822800
2016-03-04,25.593,25.938,25.343,25.753,184220400
2016-03-07,25.597,25.708,25.24,25.468,143315600
2016-03-08,25.195,25.44,25.1,25.257,126247600
2016-03-09,25.327,25.395,25.067,25.28,108806800
2016-03-10,25.353,25.56,25.038,25.292,134054400
2016-03-11,25.56,25.57,25.375,25.565,109632800
2016-03-14,25.478,25.728,25.445,25.63,100304400
2016-03-15,25.99,26.295,25.962,26.145,160270800
2016-03-16,26.153,26.577,26.147,26.493,153214000
2016-03-17,26.38,26.618,26.24,26.45,137682800
2016-03-18,26.585,26.625,26.298,26.48,176820800
2016-03-21,26.483,26.913,26.285,26.478,142010800
2016-03-22,26.312,26.823,26.302,26.68,129777600
2016-03-23,26.62,26.767,26.475,26.532,102814000
2016-03-24,26.368,26.562,26.222,26.417,104532000
2016-03-28,26.5,26.548,26.265,26.298,77645600
2016-03-29,26.222,26.948,26.22,26.92,124760400
2016-03-30,27.163,27.605,27.15,27.39,182404400
2016-03-31,27.43,27.475,27.22,27.247,103553600
2016-04-01,27.195,27.5,27.05,27.497,103496000
2016-04-04,27.605,28.048,27.567,27.78,149424800
2016-04-05,27.378,27.683,27.355,27.452,106314800
2016-04-06,27.558,27.745,27.3,27.74,105616400
2016-04-07,27.487,27.605,27.03,27.135,127207600
2016-04-08,27.228,27.442,27.042,27.165,94326800
2016-04-11,27.243,27.653,27.208,27.255,117630000
2016-04-12,27.335,27.625,27.165,27.61,108929200
2016-04-13,27.7,28.085,27.7,28.01,133029200
2016-04-14,27.905,28.097,27.833,28.025,101895600
2016-04-15,28.028,28.075,27.433,27.462,187756000
2016-04-18,27.222,27.237,26.735,26.87,243286000
2016-04-19,26.97,27.0,26.558,26.728,129539600
2016-04-20,26.66,27.022,26.515,26.782,122444000
2016-04-21,26.733,26.733,26.38,26.493,126210000
2016-04-22,26.253,26.62,26.155,26.42,134732400
2016-04-25,26.25,26.413,26.128,26.27,112126400
2016-04-26,25.978,26.325,25.978,26.087,224064800
2016-04-27,24.0,24.677,23.92,24.455,458408400
2016-04-28,24.403,24.47,23.562,23.708,328970800
2016-04-29,23.497,23.68,23.128,23.435,274126000
2016-05-02,23.493,23.52,23.1,23.41,192640400
2016-05-03,23.55,23.935,23.42,23.795,227325200
2016-05-04,23.8,23.975,23.455,23.548,164102000
2016-05-05,23.5,23.517,23.17,23.31,143562000
2016-05-06,23.343,23.362,22.962,23.18,174799600
2016-05-09,23.25,23.442,23.147,23.198,131745600
2016-05-10,23.333,23.392,23.028,23.355,134747200
2016-05-11,23.37,23.392,23.115,23.128,114876400
2016-05-12,23.18,23.195,22.368,22.585,305258800
2016-05-13,22.5,22.917,22.5,22.63,177571200
2016-05-16,23.097,23.597,22.913,23.47,245039200
2016-05-17,23.638,23.675,23.253,23.372,187667600
2016-05-18,23.54,23.802,23.472,23.64,168249600
2016-05-19,23.66,23.66,23.392,23.55,121768400
2016-05-20,23.66,23.858,23.63,23.805,128104000
2016-05-23,23.968,24.298,23.917,24.108,152074400
2016-05-24,24.305,24.522,24.21,24.475,140560800
2016-05-25,24.667,24.935,24.528,24.905,152675200
2016-05-26,24.92,25.183,24.66,25.103,225324800
2016-05-27,24.86,25.118,24.812,25.087,145364800
2016-05-31,24.9,25.1,24.705,24.965,169228800
2016-06-01,24.755,24.885,24.583,24.615,116693200
2016-06-02,24.4,24.46,24.157,24.43,160766400
2016-06-03,24.448,24.567,24.362,24.48,114019600
2016-06-06,24.497,25.472,24.388,24.657,93170000
2016-06-07,24.812,24.968,24.74,24.757,89638000
2016-06-08,24.755,24.89,24.67,24.735,83392400
2016-06-09,24.625,24.997,24.615,24.913,106405600
2016-06-10,24.632,24.837,24.62,24.708,126851600
2016-06-13,24.673,24.78,24.275,24.335,152082000
2016-06-14,24.33,24.62,24.188,24.365,127727600
2016-06-15,24.455,24.603,24.257,24.285,117780800
2016-06-16,24.112,24.438,24.017,24.388,125307200
2016-06-17,24.155,24.163,23.825,23.833,244032800
2016-06-20,24.0,24.142,23.757,23.775,137647600
2016-06-21,23.735,24.087,23.67,23.978,142185600
2016-06-22,24.062,24.222,23.837,23.888,116876400
2016-06-23,23.985,24.073,23.812,24.025,128960800
2016-06-24,23.228,23.665,23.163,23.35,301245600
2016-06-27,23.25,23.263,22.875,23.01,181958400
2016-06-28,23.225,23.415,23.035,23.397,161779600
2016-06-29,23.493,23.638,23.407,23.6,146124000
2016-06-30,23.61,23.942,23.575,23.9,143345600
2016-07-01,23.872,24.118,23.833,23.972,104106000
2016-07-05,23.847,23.85,23.615,23.747,110820800
2016-07-06,23.65,23.915,23.593,23.882,123796400
2016-07-07,23.925,24.125,23.905,23.985,100558400
2016-07-08,24.122,24.222,24.013,24.17,115648400
2016-07-11,24.188,24.413,24.183,24.245,95179600
2016-07-12,24.292,24.425,24.28,24.355,96670000
2016-07-13,24.353,24.417,24.21,24.218,103568800
2016-07-14,24.347,24.747,24.33,24.698,155676000
2016-07-15,24.73,24.825,24.625,24.695,120548000
2016-07-18,24.675,25.032,24.65,24.958,145975600
2016-07-19,24.89,25.0,24.835,24.968,95119600
2016-07-20,25.0,25.115,24.935,24.99,105104000
2016-07-21,24.958,25.25,24.782,24.858,130808000
2016-07-22,24.815,24.825,24.577,24.665,113254800
2016-07-25,24.562,24.71,24.23,24.335,161531600
2016-07-26,24.205,24.493,24.105,24.167,224959200
2016-07-27,26.067,26.087,25.688,25.737,369379200
2016-07-28,25.708,26.112,25.705,26.085,159479200
2016-07-29,26.048,26.138,25.92,26.052,110934800
2016-08-01,26.103,26.538,26.103,26.513,152671600
2016-08-02,26.513,26.517,26.0,26.12,135266400
2016-08-03,26.202,26.46,26.192,26.448,120810400
2016-08-04,26.395,26.5,26.32,26.468,109634800
2016-08-05,26.567,26.913,26.545,26.87,162213600
2016-08-08,26.88,27.093,26.79,27.093,112148800
2016-08-09,27.058,27.235,27.003,27.202,105260800
2016-08-10,27.177,27.225,26.94,27.0,96034000
2016-08-11,27.13,27.233,26.962,26.983,109938000
2016-08-12,26.945,27.11,26.945,27.045,74641600
2016-08-15,27.035,27.385,27.02,27.37,103472800
2016-08-16,27.407,27.558,27.302,27.345,135177600
2016-08-17,27.275,27.343,27.085,27.305,101424000
2016-08-18,27.308,27.4,27.255,27.27,87938800
2016-08-19,27.192,27.423,27.09,27.34,101472400
2016-08-22,27.215,27.275,26.962,27.128,103280800
2016-08-23,27.147,27.33,27.132,27.212,85030800
2016-08-24,27.142,27.188,26.92,27.007,94700400
2016-08-25,26.847,26.97,26.67,26.892,100344800
2016-08-26,26.853,26.987,26.577,26.735,111065200
2016-08-29,26.655,26.86,26.573,26.705,99881200
2016-08-30,26.45,26.625,26.375,26.5,99455600
2016-08-31,26.415,26.642,26.41,26.525,118649600
2016-09-01,26.535,26.7,26.405,26.683,106806000
2016-09-02,26.925,27.0,26.705,26.933,107210000
2016-09-06,26.975,27.075,26.878,26.925,107521600
2016-09-07,26.958,27.19,26.767,27.09,169457200
2016-09-08,26.812,26.817,26.31,26.38,212008000
2016-09-09,26.16,26.43,25.782,25.782,186228000
2016-09-12,25.663,26.43,25.632,26.36,181171200
2016-09-13,26.878,27.198,26.81,26.987,248704800
2016-09-14,27.183,28.257,27.15,27.942,443554800
2016-09-15,28.465,28.933,28.372,28.892,359934400
2016-09-16,28.78,29.032,28.51,28.73,319547600
2016-09-19,28.798,29.045,28.312,28.395,188092000
2016-09-20,28.263,28.53,28.128,28.392,138057200
2016-09-21,28.462,28.497,28.11,28.388,144012800
2016-09-22,28.587,28.735,28.5,28.655,124296000
2016-09-23,28.605,28.698,27.888,28.177,209924800
2016-09-26,27.91,28.347,27.888,28.22,119477600
2016-09-27,28.25,28.295,28.085,28.272,98429600
2016-09-28,28.423,28.66,28.358,28.487,118564400
2016-09-29,28.29,28.45,27.95,28.045,143548000
2016-09-30,28.115,28.343,27.95,28.263,145516400
2016-10-03,28.177,28.263,28.07,28.13,86807200
2016-10-04,28.265,28.577,28.157,28.25,118947200
2016-10-05,28.35,28.415,28.173,28.263,85812400
2016-10-06,28.425,28.585,28.282,28.472,115117200
2016-10-07,28.577,28.64,28.378,28.515,97433600
2016-10-10,28.755,29.188,28.68,29.013,144944000
2016-10-11,29.425,29.673,29.05,29.075,256164000
2016-10-12,29.337,29.495,29.188,29.335,150347200
2016-10-13,29.198,29.36,28.93,29.245,140769600
2016-10-14,29.47,29.542,29.282,29.407,142608800
2016-10-17,29.333,29.46,29.195,29.388,94499600
2016-10-18,29.545,29.552,29.362,29.368,98214000
2016-10-19,29.312,29.44,28.45,29.28,80138400
2016-10-20,29.215,29.345,29.083,29.265,96503200
2016-10-21,29.202,29.228,29.07,29.15,92770800
2016-10-24,29.275,29.435,29.25,29.413,94154800
2016-10-25,29.487,29.59,29.327,29.562,192516000
2016-10-26,28.577,28.925,28.327,28.897,264536800
2016-10-27,28.847,28.965,28.525,28.62,138248000
2016-10-28,28.468,28.802,28.362,28.43,151446800
2016-10-31,28.413,28.558,28.3,28.385,105677600
2016-11-01,28.365,28.442,27.632,27.872,175303200
2016-11-02,27.85,28.087,27.808,27.897,113326800
2016-11-03,27.745,27.865,27.388,27.458,107730400
2016-11-04,27.132,27.562,27.028,27.21,123348000
2016-11-07,27.52,27.628,27.365,27.603,130240000
2016-11-08,27.577,27.93,27.425,27.765,97016800
2016-11-09,27.47,27.83,27.013,27.72,236705600
2016-11-10,27.772,27.772,26.458,26.948,228538000
2016-11-11,26.78,27.218,26.638,27.108,136575600
2016-11-14,26.927,26.952,26.02,26.427,204702000
2016-11-15,26.642,26.92,26.54,26.778,129058000
2016-11-16,26.675,27.558,26.65,27.497,235362000
2016-11-17,27.452,27.587,27.208,27.487,110528000
2016-11-18,27.43,27.635,27.415,27.515,113715600
2016-11-21,27.53,27.997,27.503,27.933,117058400
2016-11-22,27.987,28.105,27.85,27.95,103862000
2016-11-23,27.84,27.878,27.583,27.808,109705600
2016-11-25,27.782,27.968,27.737,27.948,45903600
2016-11-28,27.858,28.118,27.847,27.892,108776000
2016-11-29,27.695,28.007,27.517,27.865,114115200
2016-11-30,27.9,28.05,27.567,27.63,144649200
2016-12-01,27.593,27.735,27.257,27.372,148347600
2016-12-02,27.292,27.522,27.212,27.475,106112000
2016-12-05,27.5,27.507,27.062,27.278,137298000
2016-12-06,27.375,27.59,27.298,27.487,104782000
2016-12-07,27.315,27.798,27.29,27.757,119994800
2016-12-08,27.715,28.108,27.65,28.03,108273200
2016-12-09,28.077,28.675,28.077,28.487,137610400
2016-12-12,28.323,28.75,28.122,28.325,105497600
2016-12-13,28.46,28.98,28.438,28.798,174935200
2016-12-14,28.76,29.05,28.745,28.798,136127200
2016-12-15,28.845,29.183,28.808,28.955,186098000
2016-12-16,29.118,29.125,28.913,28.993,177404400
2016-12-19,28.95,29.345,28.938,29.16,111117600
2016-12-20,29.185,29.375,29.17,29.237,85700000
2016-12-21,29.2,29.35,29.195,29.265,95132800
2016-12-22,29.087,29.128,28.91,29.073,104343600
2016-12-23,28.897,29.13,28.897,29.13,56998000
2016-12-27,29.13,29.45,29.122,29.315,73187600
2016-12-28,29.38,29.505,29.05,29.19,83623600
2016-12-29,29.112,29.278,29.1,29.183,60158000
2016-12-30,29.163,29.3,28.858,28.955,122345200
2017-01-03,28.95,29.083,28.69,29.038,115127600
2017-01-04,28.962,29.128,28.938,29.005,84472400
2017-01-05,28.98,29.215,28.952,29.153,88774400
2017-01-06,29.195,29.54,29.118,29.478,127007600
2017-01-09,29.487,29.858,29.485,29.747,134247600
2017-01-10,29.692,29.845,29.575,29.778,97848400
2017-01-11,29.685,29.983,29.65,29.938,110354400
2017-01-12,29.725,29.825,29.552,29.812,108344800
2017-01-13,29.778,29.905,29.702,29.76,104447600
2017-01-17,29.585,30.06,29.555,30.0,137759200
2017-01-18,30.0,30.125,29.927,29.997,94852000
2017-01-19,29.85,30.022,29.843,29.945,102389200
2017-01-20,30.112,30.112,29.933,30.0,130391600
2017-01-23,30.0,30.202,29.942,30.02,88200800
2017-01-24,29.888,30.025,29.875,29.993,92844000
2017-01-25,30.105,30.525,30.07,30.47,129510400
2017-01-26,30.417,30.61,30.4,30.485,105350400
2017-01-27,30.535,30.587,30.4,30.487,82251600
2017-01-30,30.233,30.407,30.165,30.407,121510000
2017-01-31,30.288,30.347,30.155,30.337,196804000
2017-02-01,31.757,32.623,31.753,32.188,447940000
2017-02-02,31.995,32.347,31.945,32.132,134841600
2017-02-03,32.077,32.298,32.04,32.27,98029200
2017-02-06,32.283,32.625,32.225,32.572,107383600
2017-02-07,32.635,33.022,32.612,32.882,152735200
2017-02-08,32.838,33.055,32.805,33.01,92016400
2017-02-09,32.912,33.112,32.78,33.105,113399600
2017-02-10,33.115,33.235,33.013,33.03,80262000
2017-02-13,33.27,33.455,33.188,33.322,92141600
2017-02-14,33.368,33.772,33.312,33.755,132904800
2017-02-15,33.88,34.068,33.655,33.877,142492400
2017-02-16,33.917,33.975,33.71,33.838,90338400
2017-02-17,33.775,33.958,33.775,33.93,88792800
2017-02-21,34.057,34.188,33.995,34.175,98028800
2017-02-22,34.107,34.28,34.028,34.278,83347600
2017-02-23,34.345,34.37,34.075,34.132,83152800
2017-02-24,33.978,34.165,33.82,34.165,87106400
2017-02-27,34.285,34.36,34.07,34.232,81029600
2017-02-28,34.27,34.36,34.175,34.248,93931600
2017-03-01,34.472,35.037,34.4,34.947,145658400
2017-03-02,35.0,35.07,34.69,34.74,104844000
2017-03-03,34.695,34.958,34.647,34.945,84432400
2017-03-06,34.842,34.943,34.65,34.835,87000000
2017-03-07,34.765,34.995,34.697,34.88,69785200
2017-03-08,34.737,34.95,34.705,34.75,74828800
2017-03-09,34.685,34.697,34.263,34.67,88623600
2017-03-10,34.812,34.84,34.66,34.785,78451200
2017-03-13,34.713,34.857,34.705,34.8,69686800
2017-03-14,34.825,34.912,34.71,34.748,61236400
2017-03-15,34.853,35.188,34.757,35.115,102767200
2017-03-16,35.18,35.255,35.065,35.173,76928000
2017-03-17,35.25,35.25,34.972,34.998,175540000
2017-03-20,35.1,35.375,35.057,35.365,86168000
2017-03-21,35.528,35.7,34.932,34.96,158119600
2017-03-22,34.963,35.4,34.94,35.355,103440800
2017-03-23,35.315,35.395,35.153,35.23,81385200
2017-03-24,35.375,35.435,35.088,35.16,89582400
2017-03-27,34.847,35.305,34.655,35.22,94300400
2017-03-28,35.228,36.01,35.155,35.95,133499200
2017-03-29,35.92,36.123,35.798,36.03,116760000
2017-03-30,36.048,36.125,35.875,35.982,84829200
2017-03-31,35.93,36.068,35.752,35.915,78646800
2017-04-03,35.928,36.03,35.763,35.925,79942800
2017-04-04,35.812,36.222,35.792,36.193,79565600
2017-04-05,36.055,36.365,35.952,36.005,110871600
2017-04-06,36.072,36.13,35.862,35.915,84596000
2017-04-07,35.932,36.045,35.818,35.835,66688800
2017-04-10,35.9,35.97,35.725,35.792,75733600
2017-04-11,35.735,35.838,35.015,35.408,121517600
2017-04-12,35.4,35.537,35.252,35.45,81400000
2017-04-13,35.478,35.595,35.263,35.263,71291600
2017-04-17,35.37,35.47,35.217,35.458,66328400
2017-04-18,35.353,35.51,35.278,35.3,58790000
2017-04-19,35.47,35.5,35.112,35.17,69313600
2017-04-20,35.305,35.73,35.29,35.61,93278400
2017-04-21,35.61,35.67,35.463,35.568,69283600
2017-04-24,35.875,35.987,35.795,35.91,68537200
2017-04-25,35.978,36.225,35.967,36.132,75486000
2017-04-26,36.118,36.15,35.845,35.92,80164800
2017-04-27,35.98,36.04,35.827,35.947,56985200
2017-04-28,36.022,36.075,35.818,35.912,83441600
2017-05-01,36.275,36.8,36.24,36.645,134411600
2017-05-02,36.885,37.022,36.71,36.877,181408800
2017-05-03,36.397,36.873,36.068,36.765,182788000
2017-05-04,36.63,36.785,36.452,36.632,93487600
2017-05-05,36.69,37.245,36.69,37.24,109310800
2017-05-08,37.257,38.425,37.257,38.252,195009600
2017-05-09,38.467,38.72,38.362,38.498,156521600
2017-05-10,38.408,38.485,38.028,38.315,103222800
2017-05-11,38.112,38.518,38.077,38.487,109020400
2017-05-12,38.675,39.105,38.667,39.025,130108000
2017-05-15,39.002,39.162,38.763,38.925,104038800
2017-05-16,38.985,39.015,38.68,38.868,80194000
2017-05-17,38.4,38.643,37.428,37.562,203070800
2017-05-18,37.818,38.335,37.783,38.135,134272800
2017-05-19,38.345,38.495,38.158,38.265,107843200
2017-05-22,38.5,38.645,38.228,38.498,91865600
2017-05-23,38.725,38.725,38.327,38.45,79675600
2017-05-24,38.46,38.542,38.167,38.335,76712000
2017-05-25,38.432,38.588,38.257,38.467,76942400
2017-05-26,38.5,38.56,38.327,38.403,87710400
2017-05-30,38.355,38.607,38.333,38.417,80507600
2017-05-31,38.493,38.542,38.095,38.19,97804800
2017-06-01,38.292,38.333,38.055,38.295,65616400
2017-06-02,38.395,38.862,38.222,38.862,111082800
2017-06-05,38.585,38.612,38.365,38.482,101326800
2017-06-06,38.475,38.952,38.445,38.612,106499600
2017-06-07,38.755,38.995,38.62,38.842,84278400
2017-06-08,38.812,38.885,38.6,38.748,85003200
2017-06-09,38.798,38.798,36.505,37.245,259530800
2017-06-12,36.435,36.522,35.627,36.355,289229200
2017-06-13,36.79,36.862,36.287,36.647,136661600
2017-06-14,36.875,36.875,35.96,36.29,126124800
2017-06-15,35.83,36.12,35.553,36.072,128661600
2017-06-16,35.945,36.125,35.55,35.568,201444400
2017-06-19,35.915,36.685,35.915,36.585,130165600
2017-06-20,36.717,36.717,36.235,36.252,99600400
2017-06-21,36.38,36.518,36.153,36.467,85063200
2017-06-22,36.443,36.675,36.28,36.408,76425200
2017-06-23,36.283,36.79,36.278,36.57,141757600
2017-06-26,36.792,37.07,36.345,36.455,102769600
2017-06-27,36.252,36.54,35.905,35.932,99047600
2017-06-28,36.123,36.528,35.79,36.458,88329600
2017-06-29,36.178,36.283,35.57,35.92,125997600
2017-06-30,36.112,36.24,35.945,36.005,92096400
2017-07-03,36.22,36.325,35.775,35.875,57111200
2017-07-05,35.923,36.197,35.68,36.022,86278400
2017-07-06,35.755,35.875,35.603,35.682,96515200
2017-07-07,35.725,36.188,35.725,36.045,76806800
2017-07-10,36.028,36.487,35.842,36.265,84362400
2017-07-11,36.182,36.463,36.095,36.382,79127200
2017-07-12,36.467,36.545,36.205,36.435,99538000
2017-07-13,36.375,37.123,36.36,36.943,100797600
2017-07-14,36.993,37.333,36.833,37.26,80528400
2017-07-17,37.205,37.725,37.143,37.39,95174000
2017-07-18,37.3,37.533,37.167,37.52,71475200
2017-07-19,37.62,37.855,37.487,37.755,83692000
2017-07-20,37.875,37.935,37.548,37.585,68974800
2017-07-21,37.498,37.61,37.22,37.568,105010400
2017-07-24,37.645,38.11,37.475,38.022,85972800
2017-07-25,37.95,38.46,37.95,38.185,75415600
2017-07-26,38.338,38.482,38.265,38.365,63124000
2017-07-27,38.438,38.498,36.825,37.64,129905200
2017-07-28,37.472,37.557,37.298,37.375,68854800
2017-07-31,37.475,37.583,37.033,37.182,79383600
2017-08-01,37.275,37.555,37.103,37.513,141474400
2017-08-02,39.82,39.938,39.04,39.285,279747200
2017-08-03,39.263,39.303,38.755,38.893,108389200
2017-08-04,39.018,39.35,38.923,39.097,82239600
2017-08-07,39.265,39.73,39.167,39.702,87481200
2017-08-08,39.65,40.458,39.568,40.02,144823600
2017-08-09,39.815,40.318,39.778,40.265,104526000
2017-08-10,39.975,40.0,38.658,38.83,163217200
2017-08-11,39.15,39.643,39.018,39.37,105028400
2017-08-14,39.83,40.053,39.688,39.963,88490800
2017-08-15,40.165,40.55,40.035,40.4,117862000
2017-08-16,40.485,40.627,40.037,40.237,110686400
2017-08-17,40.13,40.178,39.46,39.465,111762400
2017-08-18,39.465,39.875,39.18,39.375,109712400
2017-08-21,39.375,39.472,38.778,39.303,105474000
2017-08-22,39.557,40.0,39.505,39.945,86418400
2017-08-23,39.768,40.118,39.72,39.995,77596400
2017-08-24,40.107,40.185,39.638,39.818,79275600
2017-08-25,39.912,40.14,39.818,39.965,101920400
2017-08-28,40.035,40.5,39.982,40.368,103864000
2017-08-29,40.025,40.78,40.0,40.728,118067600
2017-08-30,40.95,40.972,40.653,40.838,109078400
2017-08-31,40.91,41.13,40.87,41.0,107140400
2017-09-01,41.2,41.235,40.908,41.013,66364400
2017-09-05,40.938,41.062,40.14,40.52,117874000
2017-09-06,40.678,40.748,40.13,40.478,86606800
2017-09-07,40.522,40.56,40.09,40.315,87714000
2017-09-08,40.215,40.287,39.632,39.658,114446000
2017-09-11,40.125,40.513,39.972,40.375,126323200
2017-09-12,40.653,40.99,39.693,40.215,286856000
2017-09-13,39.967,39.99,39.478,39.912,179629600
2017-09-14,39.748,39.85,39.522,39.57,95042800
2017-09-15,39.618,40.243,39.5,39.97,196458400
2017-09-18,40.028,40.125,39.5,39.667,113077600
2017-09-19,39.877,39.943,39.61,39.682,83242400
2017-09-20,39.475,39.565,38.458,39.018,211805600
2017-09-21,38.95,38.95,38.188,38.347,150046800
2017-09-22,37.885,38.068,37.64,37.972,186581600
2017-09-25,37.498,37.958,37.29,37.638,177549200
2017-09-26,37.945,38.48,37.923,38.285,146640000
2017-09-27,38.45,38.68,38.385,38.557,102016800
2017-09-28,38.472,38.57,38.175,38.32,88022000
2017-09-29,38.303,38.533,38.0,38.53,105199200
2017-10-02,38.565,38.612,38.18,38.452,74795200
2017-10-03,38.502,38.772,38.478,38.62,64921200
2017-10-04,38.408,38.465,38.115,38.37,80655200
2017-10-05,38.545,38.86,38.513,38.847,85135200
2017-10-06,38.743,38.873,38.64,38.825,69630400
2017-10-09,38.952,39.182,38.873,38.96,65051600
2017-10-10,39.015,39.5,38.775,38.975,62468000
2017-10-11,38.993,39.245,38.938,39.138,67622400
2017-10-12,39.088,39.342,38.932,39.0,64500400
2017-10-13,39.182,39.32,39.103,39.248,65576800
2017-10-16,39.475,40.0,39.412,39.97,96486000
2017-10-17,39.945,40.217,39.807,40.118,75989200
2017-10-18,40.105,40.178,39.9,39.94,65496800
2017-10-19,39.188,39.27,38.755,38.995,170336800
2017-10-20,39.153,39.438,38.99,39.062,95896400
2017-10-23,39.222,39.423,38.875,39.042,87937200
2017-10-24,39.072,39.355,39.05,39.275,71028800
2017-10-25,39.228,39.388,38.818,39.103,84828400
2017-10-26,39.307,39.458,39.195,39.353,68002000
2017-10-27,39.822,40.9,39.675,40.763,177816800
2017-10-30,40.972,42.018,40.93,41.68,178803200
2017-10-31,41.975,42.412,41.735,42.26,144187200
2017-11-01,42.467,42.485,41.403,41.722,134551200
2017-11-02,41.65,42.125,41.32,42.028,165573600
2017-11-03,43.5,43.565,42.78,43.125,237594400
2017-11-06,43.092,43.748,42.93,43.562,140105200
2017-11-07,43.478,43.812,43.4,43.702,97446000
2017-11-08,43.665,44.06,43.583,44.06,97638000
2017-11-09,43.778,44.025,43.285,43.97,117930400
2017-11-10,43.778,43.845,43.568,43.667,100582000
2017-11-13,43.375,43.625,43.35,43.493,67928400
2017-11-14,43.26,43.37,42.795,42.835,99130000
2017-11-15,42.493,42.58,42.095,42.27,116632400
2017-11-16,42.795,42.967,42.575,42.775,94550000
2017-11-17,42.76,42.847,42.41,42.537,87598000
2017-11-20,42.572,42.64,42.39,42.495,65049600
2017-11-21,42.695,43.425,42.695,43.285,100525200
2017-11-22,43.34,43.75,43.263,43.74,102355600
2017-11-24,43.775,43.875,43.662,43.743,56106800
2017-11-27,43.763,43.77,43.335,43.522,82867200
2017-11-28,43.575,43.717,42.965,43.268,105715200
2017-11-29,43.158,43.23,41.79,42.37,166665600
2017-11-30,42.607,43.035,42.11,42.963,166108800
2017-12-01,42.487,42.917,42.125,42.763,159037200
2017-12-04,43.12,43.155,42.408,42.45,130169600
2017-12-05,42.265,42.88,42.1,42.41,109400800
2017-12-06,41.875,42.55,41.615,42.252,114240000
2017-12-07,42.257,42.61,42.228,42.33,102693200
2017-12-08,42.623,42.75,42.205,42.342,93420800
2017-12-11,42.3,43.222,42.197,43.167,141095200
2017-12-12,43.037,43.097,42.865,42.925,77636800
2017-12-13,43.125,43.385,43.0,43.068,95273600
2017-12-14,43.1,43.283,42.912,43.055,81906000
2017-12-15,43.408,43.542,43.115,43.493,160677200
2017-12-18,43.72,44.3,43.715,44.105,117684400
2017-12-19,43.757,43.847,43.522,43.635,109745600
2017-12-20,43.717,43.855,43.312,43.588,93902400
2017-12-21,43.542,44.005,43.525,43.752,83799600
2017-12-22,43.67,43.855,43.625,43.752,65397600
2017-12-26,42.7,42.868,42.42,42.643,132742000
2017-12-27,42.525,42.695,42.428,42.65,85992800
2017-12-28,42.75,42.963,42.62,42.77,65920800
2017-12-29,42.63,42.647,42.305,42.307,103999600
2018-01-02,42.54,43.075,42.315,43.065,102223600
2018-01-03,43.132,43.638,42.99,43.057,118071600
2018-01-04,43.135,43.368,43.02,43.257,89738400
2018-01-05,43.36,43.842,43.263,43.75,94640000
2018-01-08,43.588,43.903,43.482,43.588,82271200
2018-01-09,43.638,43.765,43.353,43.583,86336000
2018-01-10,43.29,43.575,43.25,43.572,95839600
2018-01-11,43.647,43.873,43.623,43.82,74670800
2018-01-12,44.045,44.34,43.912,44.272,101672400
2018-01-16,44.475,44.847,44.035,44.048,118263600
2018-01-17,44.037,44.812,43.768,44.775,137547200
2018-01-18,44.842,45.025,44.562,44.815,124773600
2018-01-19,44.653,44.895,44.353,44.615,129700400
2018-01-22,44.325,44.445,44.15,44.25,108434400
2018-01-23,44.325,44.86,44.205,44.26,130756400
2018-01-24,44.312,44.325,43.3,43.555,204420400
2018-01-25,43.627,43.737,42.632,42.778,166116000
2018-01-26,43.0,43.0,42.515,42.877,156572000
2018-01-29,42.54,42.54,41.768,41.99,202561600
2018-01-30,41.382,41.842,41.175,41.743,184192800
2018-01-31,41.717,42.11,41.625,41.857,129915600
2018-02-01,41.792,42.155,41.69,41.945,188923200
2018-02-02,41.5,41.7,40.025,40.125,346375200
2018-02-05,39.775,40.97,39.0,39.123,290954000
2018-02-06,38.708,40.93,38.5,40.757,272975200
2018-02-07,40.772,40.85,39.768,39.885,206434400
2018-02-08,40.072,40.25,38.757,38.787,217562000
2018-02-09,39.268,39.472,37.56,39.103,282690400
2018-02-12,39.625,40.972,39.377,40.678,243278000
2018-02-13,40.487,41.188,40.412,41.085,130196800
2018-02-14,40.76,41.885,40.72,41.842,162579600
2018-02-15,42.447,43.272,42.25,43.248,204588800
2018-02-16,43.09,43.705,42.943,43.107,160704400
2018-02-20,43.013,43.565,42.855,42.963,135722000
2018-02-21,43.208,43.53,42.752,42.768,149886400
2018-02-22,42.95,43.487,42.928,43.125,123967600
2018-02-23,43.417,43.912,43.385,43.875,135249600
2018-02-26,44.088,44.847,44.053,44.743,152648800
2018-02-27,44.775,45.12,44.54,44.597,155712400
2018-02-28,44.815,45.155,44.513,44.53,151128400
2018-03-01,44.635,44.945,43.165,43.75,195208000
2018-03-02,43.2,44.075,43.112,44.053,153816000
2018-03-05,43.803,44.435,43.63,44.205,113605600
2018-03-06,44.478,44.562,44.033,44.167,95154000
2018-03-07,43.735,43.963,43.568,43.757,126814000
2018-03-08,43.87,44.28,43.768,44.235,95096400
2018-03-09,44.49,45.0,44.347,44.995,128740800
2018-03-12,45.072,45.597,45.053,45.43,128828400
2018-03-13,45.647,45.875,44.81,44.993,126774000
2018-03-14,45.08,45.13,44.452,44.61,117473600
2018-03-15,44.625,45.06,44.518,44.662,90975200
2018-03-16,44.662,44.78,44.405,44.505,157618800
2018-03-19,44.33,44.368,43.415,43.825,133787200
2018-03-20,43.81,44.2,43.735,43.81,78597600
2018-03-21,43.76,43.772,42.815,42.818,148219600
2018-03-22,42.5,43.17,42.15,42.213,165963200
2018-03-23,42.097,42.48,41.235,41.235,164115200
2018-03-26,42.018,43.275,41.61,43.193,150164800
2018-03-27,43.42,43.787,41.73,42.085,163690400
2018-03-28,41.812,42.505,41.298,41.62,166674000
2018-03-29,41.952,42.938,41.725,41.945,153594000
2018-04-02,41.66,42.235,41.118,41.67,150347200
2018-04-03,41.91,42.188,41.22,42.097,121112000
2018-04-04,41.22,43.002,41.193,42.903,138422000
2018-04-05,43.145,43.557,43.02,43.2,107732800
2018-04-06,42.743,43.12,42.05,42.095,140021200
2018-04-09,42.47,43.272,42.463,42.513,116070800
2018-04-10,43.25,43.5,42.882,43.312,113634400
2018-04-11,43.057,43.48,42.925,43.11,89726400
2018-04-12,43.353,43.75,43.26,43.535,91557200
2018-04-13,43.695,43.96,43.463,43.682,100497200
2018-04-16,43.757,44.048,43.708,43.955,86313600
2018-04-17,44.123,44.735,44.103,44.56,106421600
2018-04-18,44.452,44.705,44.22,44.46,83018000
2018-04-19,43.44,43.847,43.165,43.2,139235200
2018-04-20,42.65,42.805,41.357,41.43,261964400
2018-04-23,41.708,41.73,41.022,41.31,146062000
2018-04-24,41.417,41.583,40.305,40.735,134768000
2018-04-25,40.655,41.355,40.603,40.912,113528400
2018-04-26,41.03,41.432,40.842,41.055,111852000
2018-04-27,41.0,41.083,40.158,40.58,142623200
2018-04-30,40.533,41.815,40.46,41.315,169709600
2018-05-01,41.603,42.3,41.318,42.275,214277600
2018-05-02,43.807,44.438,43.45,44.143,266157600
2018-05-03,43.97,44.375,43.61,44.222,136272800
2018-05-04,44.562,46.062,44.542,45.958,224805200
2018-05-07,46.295,46.917,46.188,46.29,169805600
2018-05-08,46.248,46.555,45.917,46.513,113611200
2018-05-09,46.638,46.85,46.305,46.84,92844800
2018-05-10,46.935,47.592,46.912,47.51,111957200
2018-05-11,47.373,47.515,46.862,47.147,104848800
2018-05-14,47.252,47.382,46.965,47.037,83115200
2018-05-15,46.695,46.768,46.275,46.61,94780800
2018-05-16,46.518,47.115,46.5,47.045,76732400
2018-05-17,47.0,47.228,46.59,46.748,69176000
2018-05-18,46.798,46.952,46.533,46.577,73190800
2018-05-21,47.0,47.318,46.728,46.908,73603200
2018-05-22,47.095,47.22,46.695,46.79,60962800
2018-05-23,46.588,47.125,46.44,47.09,80233600
2018-05-24,47.193,47.21,46.553,47.037,92936000
2018-05-25,47.057,47.412,46.912,47.145,69844000
2018-05-29,46.9,47.188,46.717,46.975,90056400
2018-05-30,46.93,47.0,46.695,46.875,74762000
2018-05-31,46.805,47.057,46.535,46.717,109931200
2018-06-01,46.998,47.565,46.938,47.56,93770000
2018-06-04,47.91,48.355,47.838,47.958,105064800
2018-06-05,48.268,48.485,48.09,48.327,86264000
2018-06-06,48.408,48.52,47.98,48.495,83734400
2018-06-07,48.535,48.55,48.085,48.365,85388800
2018-06-08,47.792,48.0,47.443,47.925,106627200
2018-06-11,47.838,47.993,47.553,47.807,73234000
2018-06-12,47.847,48.153,47.787,48.07,67644400
2018-06-13,48.105,48.22,47.61,47.675,86553600
2018-06-14,47.888,47.893,47.555,47.7,86440400
2018-06-15,47.507,47.54,47.065,47.21,246876800
2018-06-18,46.97,47.305,46.8,47.185,73939600
2018-06-19,46.285,46.583,45.862,46.423,134314000
2018-06-20,46.588,46.8,46.432,46.625,82514800
2018-06-21,46.812,47.088,46.235,46.365,102847600
2018-06-22,46.53,46.537,46.175,46.23,108801600
2018-06-25,45.85,46.23,45.182,45.542,126652400
2018-06-26,45.748,46.632,45.635,46.107,98276800
2018-06-27,46.307,46.82,46.007,46.04,101141200
2018-06-28,46.025,46.553,45.95,46.375,69460800
2018-06-29,46.572,46.798,45.728,46.278,90950800
2018-07-02,45.955,46.825,45.855,46.795,70925200
2018-07-03,46.947,46.987,45.885,45.98,55819200
2018-07-05,46.315,46.603,46.07,46.35,66416800
2018-07-06,46.355,47.107,46.3,46.993,69940800
2018-07-09,47.375,47.67,47.325,47.645,79026400
2018-07-10,47.678,47.82,47.545,47.588,63756400
2018-07-11,47.125,47.445,46.903,46.97,75326000
2018-07-12,47.382,47.853,47.327,47.757,72164400
2018-07-13,47.77,47.96,47.725,47.833,50055600
2018-07-16,47.88,48.162,47.605,47.728,60172400
2018-07-17,47.438,47.967,47.3,47.862,62138000
2018-07-18,47.945,47.95,47.482,47.6,65573600
2018-07-19,47.423,48.138,47.423,47.97,81147200
2018-07-20,47.945,48.107,47.542,47.86,82704800
2018-07-23,47.67,47.99,47.39,47.903,63957600
2018-07-24,48.112,48.415,48.013,48.25,74791600
2018-07-25,48.265,48.713,48.107,48.705,66839600
2018-07-26,48.653,48.99,48.403,48.553,76304000
2018-07-27,48.748,48.798,47.525,47.745,96096000
2018-07-30,47.975,48.05,47.268,47.478,84118000
2018-07-31,47.575,48.035,47.335,47.572,157492000
2018-08-01,49.783,50.44,49.327,50.375,271742800
2018-08-02,50.145,52.095,50.088,51.847,249616000
2018-08-03,51.757,52.185,51.37,51.998,133789600
2018-08-06,52.0,52.312,51.768,52.268,101701600
2018-08-07,52.33,52.375,51.69,51.778,102349600
2018-08-08,51.513,51.952,51.13,51.812,90102000
2018-08-09,52.382,52.445,51.8,52.22,93970400
2018-08-10,51.84,52.275,51.667,51.882,98444800
2018-08-13,52.327,52.737,51.925,52.217,103563600
2018-08-14,52.54,52.64,52.065,52.438,82992000
2018-08-15,52.305,52.685,52.083,52.56,115230400
2018-08-16,52.938,53.452,52.868,53.33,114001600
2018-08-17,53.36,54.487,53.29,54.395,141708000
2018-08-20,54.525,54.795,53.778,53.865,121150800
2018-08-21,54.2,54.298,53.507,53.76,104639200
2018-08-22,53.525,54.09,53.46,53.763,76072400
2018-08-23,53.662,54.263,53.65,53.873,75532800
2018-08-24,54.15,54.225,53.778,54.04,73905600
2018-08-27,54.287,54.685,54.083,54.485,82100400
2018-08-28,54.752,55.135,54.73,54.925,91107200
2018-08-29,55.037,55.873,54.853,55.745,109019200
2018-08-30,55.812,57.065,55.6,56.257,195175200
2018-08-31,56.627,57.217,56.5,56.908,173360400
2018-09-04,57.103,57.295,56.658,57.09,109560400
2018-09-05,57.248,57.417,56.275,56.717,133332000
2018-09-06,56.557,56.838,55.325,55.775,137160000
2018-09-07,55.463,56.342,55.178,55.325,150479200
2018-09-10,55.237,55.463,54.118,54.583,158066000
2018-09-11,54.502,56.075,54.14,55.963,142996000
2018-09-12,56.235,56.25,54.96,55.268,197114800
2018-09-13,55.88,57.088,55.643,56.603,166825600
2018-09-14,56.438,56.71,55.63,55.96,127997200
2018-09-17,55.537,55.737,54.318,54.47,148780400
2018-09-18,54.447,55.463,54.28,54.56,126286800
2018-09-19,54.625,54.905,53.825,54.592,108495200
2018-09-20,55.06,55.57,54.787,55.007,106435200
2018-09-21,55.195,55.34,54.322,54.415,384986800
2018-09-24,54.205,55.315,54.158,55.197,110773600
2018-09-25,54.938,55.705,54.925,55.548,98217600
2018-09-26,55.25,55.938,54.94,55.105,95938800
2018-09-27,55.955,56.61,55.885,56.237,120724800
2018-09-28,56.197,56.46,56.005,56.435,91717600
2018-10-01,56.987,57.355,56.588,56.815,94403200
2018-10-02,56.812,57.5,56.658,57.32,99152800
2018-10-03,57.513,58.368,57.445,58.018,114619200
2018-10-04,57.695,58.088,56.682,56.998,128168000
2018-10-05,56.99,57.103,55.145,56.072,134322000
2018-10-08,55.553,56.2,55.05,55.943,118655600
2018-10-09,55.91,56.818,55.562,56.717,107564000
2018-10-10,56.365,56.588,54.013,54.09,167962400
2018-10-11,53.63,54.875,53.08,53.612,212497600
2018-10-12,55.105,55.72,54.21,55.528,161351600
2018-10-15,55.29,55.458,54.318,54.34,123164000
2018-10-16,54.732,55.748,54.19,55.537,116736000
2018-10-17,55.575,55.66,54.835,55.298,91541600
2018-10-18,54.465,54.935,53.25,54.005,130325200
2018-10-19,54.515,55.315,54.357,54.827,132314800
2018-10-22,54.947,55.84,54.735,55.162,115168400
2018-10-23,53.958,55.812,53.675,55.682,155071200
2018-10-24,55.65,56.057,53.635,53.772,163702000
2018-10-25,54.428,55.345,54.188,54.95,119423200
2018-10-26,53.975,55.048,53.167,54.075,189033600
2018-10-29,54.798,54.923,51.522,53.06,183742000
2018-10-30,52.787,53.795,52.318,53.325,146640000
2018-10-31,54.22,55.112,54.155,54.715,153435600
2018-11-01,54.763,55.59,54.202,55.555,233292800
2018-11-02,52.388,53.412,51.357,51.87,365314800
2018-11-05,51.075,51.097,49.542,50.397,264654800
2018-11-06,50.48,51.18,50.423,50.943,127531600
2018-11-07,51.493,52.515,51.033,52.487,133697600
2018-11-08,52.495,52.53,51.688,52.123,101450400
2018-11-09,51.388,51.502,50.562,51.118,137463200
2018-11-12,49.75,49.963,48.447,48.542,204542000
2018-11-13,47.908,49.295,47.862,48.057,187531600
2018-11-14,48.475,48.62,46.482,46.7,243204000
2018-11-15,47.097,47.993,46.725,47.853,185915200
2018-11-16,47.625,48.743,47.365,48.382,147713200
2018-11-19,47.5,47.675,46.248,46.465,167701200
2018-11-20,44.592,45.368,43.877,44.245,271300800
2018-11-21,44.932,45.068,44.138,44.195,124496800
2018-11-23,43.735,44.15,43.025,43.072,94496000
2018-11-26,43.56,43.737,42.565,43.655,179994000
2018-11-27,42.877,43.693,42.72,43.56,165549600
2018-11-28,44.182,45.322,43.732,45.235,184250000
2018-11-29,45.665,45.7,44.425,44.888,167080000
2018-11-30,45.072,45.083,44.257,44.645,158126000
2018-12-03,46.115,46.235,45.303,46.205,163210000
2018-12-04,45.237,45.597,44.068,44.173,165377200
2018-12-06,42.94,43.695,42.605,43.68,172393600
2018-12-07,43.373,43.623,42.075,42.123,169126400
2018-12-10,41.25,42.522,40.833,42.4,248104000
2018-12-11,42.915,42.947,41.75,42.158,189126800
2018-12-12,42.6,42.98,42.255,42.275,142510800
2018-12-13,42.623,43.143,42.388,42.737,127594400
2018-12-14,42.25,42.27,41.32,41.37,162814800
2018-12-17,41.362,42.088,40.682,40.985,177151600
2018-12-18,41.345,41.882,41.097,41.518,135366000
2018-12-19,41.5,41.862,39.772,40.222,196189200
2018-12-20,40.1,40.528,38.825,39.208,259092000
2018-12-21,39.215,39.54,37.408,37.682,382978400
2018-12-24,37.037,37.888,36.647,36.708,148676800
2018-12-26,37.075,39.307,36.68,39.292,234330000
2018-12-27,38.96,39.193,37.518,39.037,212468400
2018-12-28,39.375,39.63,38.638,39.057,169165600
2018-12-31,39.632,39.84,39.12,39.435,140014000
2019-01-02,38.722,39.713,38.557,39.48,148158800
2019-01-03,35.995,36.43,35.5,35.548,365248800
2019-01-04,36.132,37.138,35.95,37.065,234428400
2019-01-07,37.175,37.208,36.475,36.982,219111200
2019-01-08,37.39,37.955,37.13,37.688,164101200
2019-01-09,37.822,38.632,37.408,38.327,180396400
2019-01-10,38.125,38.493,37.715,38.45,143122800
2019-01-11,38.22,38.425,37.877,38.072,108092800
2019-01-14,37.713,37.818,37.305,37.5,129756800
2019-01-15,37.568,38.347,37.513,38.268,114843600
2019-01-16,38.27,38.97,38.25,38.735,122278800
2019-01-17,38.55,39.415,38.315,38.965,119284800
2019-01-18,39.375,39.47,38.995,39.205,135004000
2019-01-22,39.103,39.182,38.155,38.325,121576000
2019-01-23,38.537,38.785,37.925,38.48,92522400
2019-01-24,38.528,38.62,37.935,38.175,101766000
2019-01-25,38.87,39.533,38.58,39.44,134142000
2019-01-28,38.947,39.083,38.415,39.075,104768400
2019-01-29,39.062,39.533,38.528,38.67,166348800
2019-01-30,40.812,41.537,40.057,41.312,244439200
2019-01-31,41.528,42.25,41.14,41.61,162958400
2019-02-01,41.74,42.245,41.482,41.63,130672400
2019-02-04,41.853,42.915,41.82,42.812,125982000
2019-02-05,43.215,43.77,43.088,43.545,144406400
2019-02-06,43.662,43.893,43.213,43.56,112958400
2019-02-07,43.1,43.485,42.585,42.735,126966800
2019-02-08,42.248,42.665,42.105,42.603,95280000
2019-02-11,42.763,42.803,42.312,42.357,83973600
2019-02-12,42.525,42.75,42.425,42.722,89134000
2019-02-13,42.847,43.12,42.48,42.545,89960800
2019-02-14,42.428,42.815,42.345,42.7,87342800
2019-02-15,42.812,42.925,42.438,42.605,98507200
2019-02-19,42.428,42.86,42.373,42.732,75891200
2019-02-20,42.798,43.33,42.748,43.007,104457600
2019-02-21,42.95,43.092,42.575,42.765,68998800
2019-02-22,42.895,43.25,42.845,43.243,75652800
2019-02-25,43.54,43.967,43.487,43.557,87493600
2019-02-26,43.428,43.825,43.292,43.583,68280800
2019-02-27,43.303,43.75,43.182,43.717,111341600
2019-02-28,43.58,43.728,43.23,43.287,112861600
2019-03-01,43.57,43.787,43.222,43.743,103544800
2019-03-04,43.923,44.438,43.493,43.963,109744800
2019-03-05,43.985,44.0,43.635,43.882,78949600
2019-03-06,43.667,43.873,43.485,43.63,83241600
2019-03-07,43.467,43.61,43.005,43.125,99185600
2019-03-08,42.58,43.268,42.375,43.228,95997600
2019-03-11,43.873,44.78,43.838,44.725,128044000
2019-03-12,45.0,45.667,44.842,45.228,129870400
2019-03-13,45.562,45.825,45.23,45.428,124130000
2019-03-14,45.975,46.025,45.64,45.932,94318000
2019-03-15,46.213,46.833,45.935,46.53,156171600
2019-03-18,46.45,47.097,46.447,47.005,104879200
2019-03-19,47.088,47.248,46.48,46.632,126585600
2019-03-20,46.557,47.373,46.182,47.04,124140800
2019-03-21,47.505,49.083,47.452,48.772,204136800
2019-03-22,48.835,49.423,47.695,47.763,169630800
2019-03-25,47.877,47.995,46.65,47.185,175381200
2019-03-26,47.915,48.22,46.145,46.697,199202000
2019-03-27,47.188,47.44,46.638,47.118,119393600
2019-03-28,47.237,47.39,46.882,47.18,83121600
2019-03-29,47.458,47.52,47.135,47.487,94256000
2019-04-01,47.91,47.92,47.095,47.81,111448000
2019-04-02,47.772,48.615,47.763,48.505,91062800
2019-04-03,48.312,49.125,48.287,48.838,93087200
2019-04-04,48.697,49.092,48.285,48.923,76457200
2019-04-05,49.112,49.275,48.982,49.25,74106400
2019-04-08,49.105,50.057,49.085,50.025,103526800
2019-04-09,50.08,50.713,49.807,49.875,143072800
2019-04-10,49.67,50.185,49.545,50.155,86781200
2019-04-11,50.213,50.25,49.61,49.737,83603200
2019-04-12,49.8,50.035,49.053,49.717,111042800
2019-04-15,49.645,49.963,49.502,49.807,70146400
2019-04-16,49.865,50.342,49.64,49.812,102785600
2019-04-17,49.885,50.845,49.653,50.783,115627200
2019-04-18,50.78,51.037,50.63,50.965,96783200
2019-04-22,50.708,51.235,50.585,51.132,77758000
2019-04-23,51.107,51.938,50.975,51.87,93292000
2019-04-24,51.84,52.12,51.763,51.79,70162400
2019-04-25,51.708,51.94,51.28,51.32,74172800
2019-04-26,51.225,51.25,50.53,51.075,74596400
2019-04-29,51.1,51.493,50.965,51.153,88818800
2019-04-30,50.765,50.85,49.778,50.167,186139600
2019-05-01,52.47,53.827,52.307,52.63,259309200
2019-05-02,52.46,53.162,52.033,52.287,127985200
2019-05-03,52.722,52.96,52.557,52.938,83569600
2019-05-06,51.072,52.21,50.875,52.12,129772400
2019-05-07,51.47,51.855,50.208,50.715,155054800
2019-05-08,50.475,51.335,50.438,50.725,105358000
2019-05-09,50.1,50.42,49.165,50.18,139634400
2019-05-10,49.355,49.713,48.193,49.295,164834800
2019-05-13,46.928,47.37,45.713,46.43,229722400
2019-05-14,46.603,47.425,46.353,47.165,146118800
2019-05-15,46.568,47.938,46.505,47.73,106178800
2019-05-16,47.478,48.118,47.21,47.52,132125600
2019-05-17,46.732,47.725,46.69,47.25,131516400
2019-05-20,45.88,46.088,45.07,45.772,154449200
2019-05-21,46.305,47.0,46.175,46.65,113459200
2019-05-22,46.165,46.428,45.638,45.695,118994400
2019-05-23,44.95,45.135,44.452,44.915,146118800
2019-05-24,45.05,45.535,44.655,44.743,94858800
2019-05-28,44.73,45.147,44.478,44.557,111792800
2019-05-29,44.105,44.838,44.0,44.345,113924800
2019-05-30,44.487,44.807,44.167,44.575,84873600
2019-05-31,44.057,44.498,43.748,43.768,108174400
2019-06-03,43.9,44.48,42.568,43.325,161584400
2019-06-04,43.86,44.958,43.63,44.91,123872000
2019-06-05,46.07,46.248,45.285,45.635,119093600
2019-06-06,45.77,46.368,45.537,46.305,90105200
2019-06-07,46.627,47.98,46.443,47.537,122737600
2019-06-10,47.952,48.842,47.905,48.145,104883600
2019-06-11,48.715,49.0,48.4,48.702,107731600
2019-06-12,48.487,48.993,48.347,48.548,73012800
2019-06-13,48.675,49.197,48.4,48.537,86698400
2019-06-14,47.888,48.397,47.575,48.185,75046000
2019-06-17,48.225,48.74,48.042,48.472,58676400
2019-06-18,49.013,50.072,48.803,49.612,106204000
2019-06-19,49.92,49.97,49.327,49.467,84496800
2019-06-20,50.092,50.153,49.507,49.865,86056000
2019-06-21,49.7,50.213,49.537,49.695,191202400
2019-06-24,49.635,50.04,49.542,49.645,72881600
2019-06-25,49.607,49.815,48.822,48.893,84281200
2019-06-26,49.443,50.248,49.338,49.95,104270000
2019-06-27,50.072,50.393,49.893,49.935,83598800
2019-06-28,49.67,49.875,49.263,49.48,124442400
2019-07-01,50.792,51.123,50.162,50.388,109012000
2019-07-02,50.353,50.783,50.34,50.682,67740800
2019-07-03,50.82,51.11,50.673,51.103,45448000
2019-07-05,50.838,51.27,50.725,51.057,69062000
2019-07-08,50.202,50.35,49.603,50.005,101354400
2019-07-09,49.8,50.377,49.702,50.31,82312000
2019-07-10,50.463,50.932,50.39,50.807,71588400
2019-07-11,50.827,51.097,50.428,50.438,80767200
2019-07-12,50.612,51.0,50.55,50.825,70380800
2019-07-15,51.022,51.467,51.0,51.303,67789600
2019-07-16,51.147,51.528,50.875,51.125,67467200
2019-07-17,51.013,51.272,50.818,50.838,56430000
2019-07-18,51.0,51.47,50.925,51.415,74162400
2019-07-19,51.447,51.625,50.59,50.647,83717200
2019-07-22,50.912,51.807,50.903,51.805,89111600
2019-07-23,52.115,52.228,51.822,52.21,73420800
2019-07-24,51.917,52.287,51.792,52.167,59966400
2019-07-25,52.222,52.31,51.682,51.755,55638400
2019-07-26,51.87,52.432,51.785,51.935,70475600
2019-07-29,52.115,52.66,52.11,52.42,86693600
2019-07-30,52.19,52.54,51.827,52.195,135742800
2019-07-31,54.105,55.342,52.825,53.26,277125600
2019-08-01,53.475,54.507,51.685,52.107,216071600
2019-08-02,51.382,51.607,50.408,51.005,163448400
2019-08-05,49.498,49.662,48.145,48.335,209572000
2019-08-06,49.077,49.518,48.51,49.25,143299200
2019-08-07,48.853,49.89,48.455,49.76,133457600
2019-08-08,50.05,50.882,49.847,50.857,108038000
2019-08-09,50.325,50.69,49.822,50.248,98478800
2019-08-12,49.905,50.513,49.787,50.12,89927600
2019-08-13,50.255,53.035,50.12,52.243,188874000
2019-08-14,50.79,51.61,50.647,50.688,146189600
2019-08-15,50.865,51.285,49.917,50.435,108909600
2019-08-16,51.07,51.79,50.96,51.625,110481600
2019-08-19,52.655,53.182,52.507,52.588,97654400
2019-08-20,52.72,53.338,52.58,52.59,107537200
2019-08-21,53.248,53.412,52.9,53.16,86141600
2019-08-22,53.298,53.61,52.688,53.115,89014800
2019-08-23,52.357,53.013,50.25,50.66,187272000
2019-08-26,51.465,51.798,51.265,51.623,104174400
2019-08-27,51.965,52.138,50.882,51.04,103493200
2019-08-28,51.025,51.43,50.83,51.382,63755200
2019-08-29,52.125,52.33,51.665,52.252,83962000
2019-08-30,52.54,52.612,51.8,52.185,84573600
2019-09-03,51.607,51.745,51.055,51.425,80092000
2019-09-04,52.097,52.37,51.83,52.298,76752400
2019-09-05,53.0,53.493,52.877,53.32,95654800
2019-09-06,53.513,53.605,53.127,53.315,77449200
2019-09-09,53.71,54.11,52.768,53.542,109237600
2019-09-10,53.465,54.195,52.928,54.175,127111600
2019-09-11,54.518,55.928,54.432,55.897,177158400
2019-09-12,56.2,56.605,55.715,55.772,128906800
2019-09-13,55.0,55.197,54.255,54.688,159053200
2019-09-16,54.432,55.033,54.39,54.975,84632400
2019-09-17,54.99,55.205,54.78,55.175,73274800
2019-09-18,55.265,55.713,54.86,55.693,101360000
2019-09-19,55.502,55.94,55.092,55.24,88242400
2019-09-20,55.345,55.64,54.368,54.432,221652400
2019-09-23,54.737,54.96,54.412,54.68,76662000
2019-09-24,55.257,55.623,54.298,54.42,124763200
2019-09-25,54.638,55.375,54.285,55.257,87613600
2019-09-26,55.0,55.235,54.708,54.972,75334000
2019-09-27,55.135,55.24,54.32,54.705,101408000
2019-09-30,55.225,56.145,55.197,55.993,103909600
2019-10-01,56.268,57.055,56.05,56.147,139223200
2019-10-02,55.765,55.895,54.482,54.74,138449200
2019-10-03,54.607,55.24,53.783,55.205,114426000
2019-10-04,56.41,56.873,55.972,56.752,138478800
2019-10-07,56.568,57.482,56.46,56.765,122306000
2019-10-08,56.455,57.015,56.083,56.1,111820000
2019-10-09,56.757,56.947,56.41,56.757,74770400
2019-10-10,56.982,57.61,56.825,57.522,113013600
2019-10-11,58.237,59.41,58.077,59.053,166795600
2019-10-14,58.725,59.533,58.667,58.967,96427600
2019-10-15,59.097,59.412,58.72,58.83,87360000
2019-10-16,58.342,58.81,58.3,58.592,73903200
2019-10-17,58.772,59.037,58.38,58.82,67585200
2019-10-18,58.647,59.395,58.572,59.103,97433600
2019-10-21,59.38,60.248,59.33,60.127,87247200
2019-10-22,60.29,60.55,59.905,59.99,82293600
2019-10-23,60.525,60.81,60.305,60.795,75828800
2019-10-24,61.127,61.2,60.452,60.895,69275200
2019-10-25,60.79,61.682,60.72,61.645,73477200
2019-10-28,61.855,62.312,61.68,62.263,96572800
2019-10-29,62.243,62.438,60.643,60.822,142839600
2019-10-30,61.19,61.325,60.303,60.815,124522000
2019-10-31,61.81,62.292,59.315,62.19,139162000
2019-11-01,62.385,63.982,62.29,63.955,151125200
2019-11-04,64.332,64.463,63.845,64.375,103272000
2019-11-05,64.262,64.548,64.08,64.283,79897600
2019-11-06,64.192,64.372,63.842,64.31,75864400
2019-11-07,64.685,65.088,64.527,64.857,94940400
2019-11-08,64.673,65.11,64.213,65.035,69986400
2019-11-11,64.575,65.618,64.57,65.55,81821200
2019-11-12,65.387,65.698,65.23,65.49,87388800
2019-11-13,65.283,66.195,65.268,66.118,102734400
2019-11-14,65.938,66.22,65.525,65.66,89182800
2019-11-15,65.92,66.445,65.753,66.44,100206400
2019-11-18,66.45,66.857,66.058,66.775,86703200
2019-11-19,66.975,67.0,66.348,66.573,76167200
2019-11-20,66.385,66.52,65.1,65.798,106234400
2019-11-21,65.923,66.003,65.295,65.503,121395200
2019-11-22,65.647,65.795,65.21,65.445,65325200
2019-11-25,65.677,66.61,65.63,66.592,84020400
2019-11-26,66.735,66.79,65.625,66.073,105207600
2019-11-27,66.395,66.995,66.327,66.96,65235600
2019-11-29,66.65,67.0,66.475,66.812,46617600
2019-12-02,66.817,67.062,65.863,66.04,94487200
2019-12-03,64.577,64.882,64.073,64.863,114430400
2019-12-04,65.268,65.827,65.17,65.435,67181600
2019-12-05,65.948,66.473,65.683,66.395,74424400
2019-12-06,66.87,67.75,66.825,67.677,106075600
2019-12-09,67.5,67.7,66.228,66.73,128042400
2019-12-10,67.15,67.518,66.465,67.12,90420400
2019-12-11,67.202,67.775,67.125,67.692,78756800
2019-12-12,66.945,68.14,66.83,67.865,137310400
2019-12-13,67.865,68.825,67.732,68.787,133587600
2019-12-16,69.25,70.198,69.245,69.965,128186000
2019-12-17,69.893,70.442,69.7,70.103,114158400
2019-12-18,69.95,70.475,69.78,69.935,116028400
2019-12-19,69.875,70.295,69.738,70.005,98369200
2019-12-20,70.558,70.662,69.64,69.86,275978000
2019-12-23,70.132,71.062,70.092,71.0,98572000
2019-12-24,71.173,71.223,70.73,71.067,48478800
2019-12-26,71.205,72.495,71.175,72.478,93121200
2019-12-27,72.78,73.493,72.03,72.45,146266000
2019-12-30,72.365,73.173,71.305,72.88,144114400
2019-12-31,72.482,73.42,72.38,73.412,100805600
2020-01-02,74.06,75.15,73.798,75.088,135480400
2020-01-03,74.287,75.145,74.125,74.357,146322800
2020-01-06,73.448,74.99,73.188,74.95,118387200
2020-01-07,74.96,75.225,74.37,74.598,108872000
2020-01-08,74.29,76.11,74.29,75.798,132079200
2020-01-09,76.81,77.607,76.55,77.408,170108400
2020-01-10,77.65,78.168,77.062,77.582,140644800
2020-01-13,77.91,79.268,77.787,79.24,121532000
2020-01-14,79.175,79.393,78.043,78.17,161954400
2020-01-15,77.963,78.875,77.387,77.835,121923600
2020-01-16,78.397,78.925,78.022,78.81,108829200
2020-01-17,79.067,79.685,78.75,79.683,137816400
2020-01-21,79.298,79.755,79.0,79.143,110843200
2020-01-22,79.645,79.997,79.327,79.425,101832400
2020-01-23,79.48,79.89,78.912,79.808,104472000
2020-01-24,80.062,80.832,79.38,79.577,146537600
2020-01-27,77.515,77.942,76.22,77.238,161940000
2020-01-28,78.15,79.6,78.048,79.423,162234000
2020-01-29,81.113,81.963,80.345,81.085,216229200
2020-01-30,80.135,81.022,79.688,80.967,126743200
2020-01-31,80.232,80.67,77.073,77.378,199588400
2020-02-03,76.075,78.372,75.555,77.165,173788400
2020-02-04,78.827,79.91,78.408,79.713,136616400
2020-02-05,80.88,81.19,79.738,80.363,118826800
2020-02-06,80.643,81.305,80.065,81.302,105425600
2020-02-07,80.592,80.85,79.5,80.007,117684000
2020-02-10,78.545,80.387,78.463,80.387,109348800
2020-02-11,80.9,80.975,79.677,79.902,94323200
2020-02-12,80.368,81.805,80.368,81.8,113730400
2020-02-13,81.048,81.555,80.838,81.217,94747600
2020-02-14,81.185,81.495,80.713,81.238,80113600
2020-02-18,78.84,79.938,78.652,79.75,152531200
2020-02-19,80.0,81.143,80.0,80.905,93984000
2020-02-20,80.658,81.162,79.552,80.075,100566000
2020-02-21,79.655,80.113,77.625,78.262,129554000
2020-02-24,74.315,76.045,72.308,74.545,222195200
2020-02-25,75.238,75.632,71.533,72.02,230673600
2020-02-26,71.632,74.47,71.625,73.162,198054800
2020-02-27,70.275,71.5,68.24,68.38,320605600
2020-02-28,64.315,69.603,64.092,68.34,426510000
2020-03-02,70.57,75.36,69.43,74.702,341397200
2020-03-03,75.918,76.0,71.45,72.33,319475600
2020-03-04,74.11,75.85,73.283,75.685,219178400
2020-03-05,73.88,74.887,72.853,73.23,187572800
2020-03-06,70.5,72.705,70.308,72.257,226176800
2020-03-09,65.938,69.522,65.75,66.543,286744800
2020-03-10,69.285,71.61,67.342,71.335,285290000
2020-03-11,69.348,70.305,67.965,68.857,255598800
2020-03-12,63.985,67.5,62.0,62.057,418474000
2020-03-13,66.223,69.98,63.237,69.493,370732000
2020-03-16,60.487,64.77,60.0,60.553,322423600
2020-03-17,61.877,64.402,59.6,63.215,324056000
2020-03-18,59.943,62.5,59.28,61.667,300233600
2020-03-19,61.847,63.21,60.653,61.195,271857200
2020-03-20,61.795,62.958,57.0,57.31,401693200
2020-03-23,57.02,57.125,53.153,56.092,336752800
2020-03-24,59.09,61.923,58.575,61.72,287531200
2020-03-25,62.688,64.562,61.075,61.38,303602000
2020-03-26,61.63,64.67,61.59,64.61,252087200
2020-03-27,63.188,63.967,61.763,61.935,204216800
2020-03-30,62.685,63.88,62.35,63.702,167976400
2020-03-31,63.9,65.622,63.0,63.572,197002000
2020-04-01,61.625,62.18,59.783,60.228,176218400
2020-04-02,60.085,61.287,59.225,61.232,165934000
2020-04-03,60.7,61.425,59.743,60.353,129880000
2020-04-06,62.725,65.777,62.345,65.618,201820400
2020-04-07,67.7,67.925,64.75,64.857,202887200
2020-04-08,65.685,66.842,65.308,66.518,168895200
2020-04-09,67.175,67.518,66.175,66.997,161834800
2020-04-13,67.077,68.425,66.457,68.312,131022800
2020-04-14,70.0,72.062,69.512,71.762,194994800
2020-04-15,70.6,71.582,70.158,71.107,131154400
2020-04-16,71.845,72.05,70.588,71.673,157125200
2020-04-17,71.173,71.738,69.215,70.7,215250000
2020-04-20,69.488,70.42,69.213,69.232,130015200
2020-04-21,69.07,69.312,66.357,67.092,180991600
2020-04-22,68.402,69.475,68.05,69.025,116862400
2020-04-23,68.967,70.438,68.717,68.757,124814400
2020-04-24,69.3,70.753,69.25,70.743,126161200
2020-04-27,70.45,71.135,69.988,70.793,117087600
2020-04-28,71.27,71.457,69.55,69.645,112004800
2020-04-29,71.183,72.418,70.973,71.933,137280800
2020-04-30,72.49,73.632,72.088,73.45,183064000
2020-05-01,71.562,74.75,71.463,72.268,240616800
2020-05-04,72.293,73.423,71.58,73.29,133568000
2020-05-05,73.765,75.25,73.615,74.39,147751200
2020-05-06,75.115,75.81,74.717,75.158,142333600
2020-05-07,75.805,76.293,75.493,75.935,115215200
2020-05-08,76.41,77.588,76.073,77.533,133838400
2020-05-11,77.025,79.262,76.81,78.753,145946400
2020-05-12,79.457,79.923,77.728,77.853,162301200
2020-05-13,78.037,78.988,75.802,76.912,200622400
2020-05-14,76.128,77.448,75.382,77.385,158929200
2020-05-15,75.088,76.975,75.052,76.927,166348400
2020-05-18,78.293,79.125,77.58,78.74,135178400
2020-05-19,78.757,79.63,78.253,78.285,101729600
2020-05-20,79.17,79.88,79.13,79.808,111504800
2020-05-21,79.665,80.223,78.967,79.213,102688800
2020-05-22,78.942,79.808,78.838,79.723,81803200
2020-05-26,80.875,81.06,79.125,79.183,125522000
2020-05-27,79.035,79.677,78.272,79.527,112945200
2020-05-28,79.192,80.86,78.908,79.562,133560800
2020-05-29,79.812,80.287,79.118,79.485,153532400
2020-06-01,79.438,80.588,79.302,80.463,80791200
2020-06-02,80.188,80.86,79.732,80.835,87642800
2020-06-03,81.165,81.55,80.575,81.28,104491200
2020-06-04,81.098,81.405,80.195,80.58,87560400
2020-06-05,80.838,82.938,80.808,82.875,137250400
2020-06-08,82.562,83.4,81.83,83.365,95654400
2020-06-09,83.035,86.402,83.003,85.997,147712400
2020-06-10,86.975,88.692,86.522,88.21,166651600
2020-06-11,87.327,87.765,83.87,83.975,201662400
2020-06-12,86.18,86.95,83.555,84.7,200146000
2020-06-15,83.312,86.42,83.145,85.747,138808800
2020-06-16,87.865,88.3,86.18,88.02,165428800
2020-06-17,88.787,88.85,87.772,87.897,114406400
2020-06-18,87.853,88.363,87.305,87.933,96820400
2020-06-19,88.66,89.14,86.287,87.43,264476000
2020-06-22,87.835,89.865,87.787,89.717,135445200
2020-06-23,91.0,93.095,90.567,91.632,212155600
2020-06-24,91.25,92.198,89.63,90.015,192623200
2020-06-25,90.175,91.25,89.393,91.21,137522400
2020-06-26,91.103,91.33,88.255,88.408,205256800
2020-06-29,88.312,90.543,87.82,90.445,130646000
2020-06-30,90.02,91.495,90.0,91.2,140223200
2020-07-01,91.28,91.84,90.978,91.027,110737200
2020-07-02,91.963,92.618,90.91,91.027,114041600
2020-07-06,92.5,93.945,92.467,93.463,118655600
2020-07-07,93.853,94.655,93.058,93.173,112424400
2020-07-08,94.18,95.375,94.09,95.342,117092000
2020-07-09,96.262,96.317,94.673,95.753,125642800
2020-07-10,95.335,95.98,94.705,95.92,90257200
2020-07-13,97.265,99.955,95.257,95.478,191649200
2020-07-14,94.84,97.255,93.878,97.058,170989200
2020-07-15,98.99,99.247,96.49,97.725,153198000
2020-07-16,96.562,97.405,95.905,96.522,110577600
2020-07-17,96.988,97.147,95.84,96.327,92186800
2020-07-20,96.418,98.5,96.062,98.357,90318000
2020-07-21,99.173,99.25,96.743,97.0,103433200
2020-07-22,96.692,97.975,96.603,97.272,89001600
2020-07-23,96.997,97.077,92.01,92.845,197004400
2020-07-24,90.988,92.97,89.145,92.615,185438800
2020-07-27,93.71,94.905,93.48,94.81,121214000
2020-07-28,94.368,94.55,93.247,93.253,103625600
2020-07-29,93.75,95.23,93.713,95.04,90329200
2020-07-30,94.188,96.298,93.768,96.19,158130000
2020-07-31,102.885,106.415,100.825,106.26,374336800
2020-08-03,108.2,111.637,107.893,108.938,308151200
2020-08-04,109.132,110.79,108.387,109.665,173071600
2020-08-05,109.378,110.393,108.897,110.062,121776800
2020-08-06,110.405,114.412,109.798,113.902,202428800
2020-08-07,113.205,113.675,110.293,111.113,198045600
2020-08-10,112.6,113.775,110.0,112.728,212403600
2020-08-11,111.97,112.482,109.107,109.375,187902400
2020-08-12,110.497,113.275,110.298,113.01,165598000
2020-08-13,114.43,116.043,113.927,115.01,210082000
2020-08-14,114.83,115.0,113.045,114.908,165565200
2020-08-17,116.062,116.088,113.963,114.607,119561600
2020-08-18,114.353,116.0,114.007,115.562,105633600
2020-08-19,115.982,117.162,115.61,115.707,145538000
2020-08-20,115.75,118.393,115.732,118.275,126907200
2020-08-21,119.262,124.868,119.25,124.37,338054800
2020-08-24,128.697,128.785,123.938,125.857,345937600
2020-08-25,124.698,125.18,123.052,124.825,211495600
2020-08-26,126.18,126.993,125.082,126.522,163022400
2020-08-27,127.143,127.485,123.832,125.01,155552400
2020-08-28,126.012,126.442,124.577,124.808,187630000
2020-08-31,127.58,131.0,126.0,129.04,225702700
2020-09-01,132.76,134.8,130.53,134.18,151948100
2020-09-02,137.59,137.98,127.0,131.4,200119000
2020-09-03,126.91,128.84,120.5,120.88,257599600
2020-09-04,120.07,123.7,110.89,120.96,332607200
2020-09-08,113.95,118.99,112.68,112.82,231366600
2020-09-09,117.26,119.14,115.26,117.32,176940500
2020-09-10,120.36,120.5,112.5,113.49,182274400
2020-09-11,114.57,115.23,110.0,112.0,180860300
2020-09-14,114.72,115.93,112.8,115.36,140150100
2020-09-15,118.33,118.83,113.61,115.54,184642000
2020-09-16,115.23,116.0,112.04,112.13,154679000
2020-09-17,109.72,112.2,108.71,110.34,178011000
2020-09-18,110.4,110.88,106.09,106.84,287104900
2020-09-21,104.54,110.19,103.1,110.08,195713800
2020-09-22,112.68,112.86,109.16,111.81,183055400
2020-09-23,111.62,112.11,106.77,107.12,150718700
2020-09-24,105.17,110.25,105.0,108.22,167743300
2020-09-25,108.43,112.44,107.67,112.28,149981400
2020-09-28,115.01,115.32,112.78,114.96,137672400
2020-09-29,114.55,115.31,113.57,114.09,99382200
2020-09-30,113.79,117.26,113.62,115.81,142675200
2020-10-01,117.64,117.72,115.83,116.79,116120400
2020-10-02,112.89,115.37,112.22,113.02,144712000
2020-10-05,113.91,116.65,113.55,116.5,106243800
2020-10-06,115.7,116.12,112.25,113.16,161498200
2020-10-07,114.62,115.55,114.13,115.08,96849000
2020-10-08,116.25,116.4,114.59,114.97,83477200
2020-10-09,115.28,117.0,114.92,116.97,100506900
2020-10-12,120.06,125.18,119.28,124.4,240226800
2020-10-13,125.27,125.39,119.65,121.1,262330500
2020-10-14,121.0,123.03,119.62,121.19,150712000
2020-10-15,118.72,121.2,118.15,120.71,112559200
2020-10-16,121.28,121.55,118.81,119.02,115393800
2020-10-19,119.96,120.42,115.66,115.98,120639300
2020-10-20,116.2,118.98,115.63,117.51,124423700
2020-10-21,116.67,118.71,116.45,116.87,89946000
2020-10-22,117.45,118.04,114.59,115.75,101988000
2020-10-23,116.39,116.55,114.28,115.04,82572600
2020-10-26,114.01,116.55,112.88,115.05,111850700
2020-10-27,115.49,117.28,114.54,116.6,92276800
2020-10-28,115.05,115.43,111.1,111.2,143937800
2020-10-29,112.37,116.93,112.2,115.32,146129200
2020-10-30,111.06,111.99,107.72,108.86,190272600
2020-11-02,109.11,110.68,107.32,108.77,122866900
2020-11-03,109.66,111.49,108.73,110.44,107624400
2020-11-04,114.14,115.59,112.35,114.95,138235500
2020-11-05,117.95,119.62,116.87,119.03,126387100
2020-11-06,118.32,119.2,116.13,118.69,114457900
2020-11-09,120.5,121.99,116.05,116.32,154515300
2020-11-10,115.55,117.59,114.13,115.97,138023400
2020-11-11,117.19,119.63,116.44,119.49,112295000
2020-11-12,119.62,120.53,118.57,119.21,103162300
2020-11-13,119.44,119.67,117.87,119.26,81581900
2020-11-16,118.92,120.99,118.15,120.3,91183000
2020-11-17,119.55,120.67,118.96,119.39,74271000
2020-11-18,118.61,119.82,118.0,118.03,76322100
2020-11-19,117.59,119.06,116.81,118.64,74113000
2020-11-20,118.64,118.77,117.29,117.34,73604300
2020-11-23,117.18,117.62,113.75,113.85,127959300
2020-11-24,113.91,115.85,112.59,115.17,113874200
2020-11-25,115.55,116.75,115.17,116.03,76499200
2020-11-27,116.57,117.49,116.22,116.59,46691300
2020-11-30,116.97,120.97,116.81,119.05,169410200
2020-12-01,121.01,123.47,120.01,122.72,127728200
2020-12-02,122.02,123.37,120.89,123.08,89004200
2020-12-03,123.52,123.78,122.21,122.94,78967600
2020-12-04,122.6,122.86,121.52,122.25,78260400
2020-12-07,122.31,124.57,122.25,123.75,86712000
2020-12-08,124.37,124.98,123.09,124.38,82225500
2020-12-09,124.53,125.95,121.0,121.78,115089200
2020-12-10,120.5,123.87,120.15,123.24,81312200
2020-12-11,122.43,122.76,120.55,122.41,86939800
2020-12-14,122.6,123.35,121.54,121.78,79184500
2020-12-15,124.34,127.9,124.13,127.88,157243700
2020-12-16,127.41,128.37,126.56,127.81,98208600
2020-12-17,128.9,129.58,128.04,128.7,94359800
2020-12-18,128.96,129.1,126.12,126.66,192541500
2020-12-21,125.02,128.31,123.45,128.23,121251600
2020-12-22,131.61,134.41,129.65,131.88,168904800
2020-12-23,132.16,132.43,130.78,130.96,88223700
2020-12-24,131.32,133.46,131.1,131.97,54930100
2020-12-28,133.99,137.34,133.51,136.69,124486200
2020-12-29,138.05,138.79,134.34,134.87,121047300
2020-12-30,135.58,135.99,133.4,133.72,96452100
2020-12-31,134.08,134.74,131.72,132.69,99116600
2021-01-04,133.52,133.61,126.76,129.41,143301900
2021-01-05,128.89,131.74,128.43,131.01,97664900
2021-01-06,127.72,131.05,126.38,126.6,155088000
2021-01-07,128.36,131.63,127.86,130.92,109578200
2021-01-08,132.43,132.63,130.23,132.05,105158200
2021-01-11,129.19,130.17,128.5,128.98,100384500
2021-01-12,128.5,129.69,126.86,128.8,91951100
2021-01-13,128.76,131.45,128.49,130.89,88636800
2021-01-14,130.8,131.0,128.76,128.91,90221800
2021-01-15,128.78,130.22,127.0,127.14,111598500
2021-01-19,127.78,128.71,126.94,127.83,90757300
2021-01-20,128.66,132.49,128.55,132.03,104319500
2021-01-21,133.8,139.67,133.59,136.87,120150900
2021-01-22,136.28,139.85,135.02,139.07,114459400
2021-01-25,143.07,145.09,136.54,142.92,157611700
2021-01-26,143.6,144.3,141.37,143.16,98390600
2021-01-27,143.43,144.3,140.41,142.06,140843800
2021-01-28,139.52,141.99,136.7,137.09,142621100
2021-01-29,135.83,136.74,130.21,131.96,177523800
2021-02-01,133.75,135.38,130.93,134.14,106239800
2021-02-02,135.73,136.31,134.61,134.99,83305400
2021-02-03,135.76,135.77,133.61,133.94,89880900
2021-02-04,136.3,137.4,134.59,137.39,84183100
2021-02-05,137.35,137.42,135.86,136.76,75693800
2021-02-08,136.03,136.96,134.92,136.91,71297200
2021-02-09,136.62,137.88,135.85,136.01,76774200
2021-02-10,136.48,136.99,134.4,135.39,73046600
2021-02-11,135.9,136.39,133.77,135.13,64280000
2021-02-12,134.35,135.53,133.69,135.37,60145100
2021-02-16,135.49,136.01,132.79,133.19,80576300
2021-02-17,131.25,132.22,129.47,130.84,97918500
2021-02-18,129.2,130.0,127.41,129.71,96856700
2021-02-19,130.24,130.71,128.8,129.87,87668800
2021-02-22,128.01,129.72,125.6,126.0,103916400
2021-02-23,123.76,126.71,118.39,125.86,158273000
2021-02-24,124.94,125.56,122.23,125.35,111039900
2021-02-25,124.68,126.46,120.54,120.99,148199500
2021-02-26,122.59,124.85,121.2,121.26,164560400
2021-03-01,123.75,127.93,122.79,127.79,116307900
2021-03-02,128.41,128.72,125.01,125.12,102260900
2021-03-03,124.81,125.71,121.84,122.06,112966300
2021-03-04,121.75,123.6,118.62,120.13,178155000
2021-03-05,120.98,121.94,117.57,121.42,153766600
2021-03-08,120.93,121.0,116.21,116.36,154376600
2021-03-09,119.03,122.06,118.79,121.09,129525800
2021-03-10,121.69,122.17,119.45,119.98,111943300
2021-03-11,122.54,123.21,121.26,121.96,103026500
2021-03-12,120.4,121.17,119.16,121.03,88105100
2021-03-15,121.41,124.0,120.42,123.99,92403800
2021-03-16,125.7,127.22,124.72,125.57,115227900
2021-03-17,124.05,125.86,122.34,124.76,111932600
2021-03-18,122.88,123.18,120.32,120.53,121229700
2021-03-19,119.9,121.43,119.68,119.99,185549500
2021-03-22,120.33,123.87,120.26,123.39,111912300
2021-03-23,123.33,124.24,122.14,122.54,95467100
2021-03-24,122.82,122.9,120.07,120.09,88530500
2021-03-25,119.54,121.66,119.0,120.59,98844700
2021-03-26,120.35,121.48,118.92,121.21,94071200
2021-03-29,121.65,122.58,120.73,121.39,80819200
2021-03-30,120.11,120.4,118.86,119.9,85671900
2021-03-31,121.65,123.52,121.15,122.15,118323800
2021-04-01,123.66,124.18,122.49,123.0,75089100
2021-04-05,123.87,126.16,123.07,125.9,88651200
2021-04-06,126.5,127.13,125.65,126.21,80171300
2021-04-07,125.83,127.92,125.14,127.9,83466700
2021-04-08,128.95,130.39,128.52,130.36,88844600
2021-04-09,129.8,133.04,129.47,133.0,106686700
2021-04-12,132.52,132.85,130.63,131.24,91420000
2021-04-13,132.44,134.66,131.93,134.43,91266500
2021-04-14,134.94,135.0,131.66,132.03,87222800
2021-04-15,133.82,135.0,133.64,134.5,89347100
2021-04-16,134.3,134.67,133.28,134.16,84922400
2021-04-19,133.51,135.47,133.34,134.84,94264200
2021-04-20,135.02,135.53,131.81,133.11,94812300
2021-04-21,132.36,133.75,131.3,133.5,68847100
2021-04-22,133.04,134.15,131.41,131.94,84566500
2021-04-23,132.16,135.12,132.16,134.32,78657500
2021-04-26,134.83,135.06,133.56,134.72,66905100
2021-04-27,135.01,135.41,134.11,134.39,66015800
2021-04-28,134.31,135.02,133.08,133.58,107760100
2021-04-29,136.47,137.07,132.45,133.48,151101000
2021-04-30,131.78,133.56,131.07,131.46,109839500
2021-05-03,132.04,134.07,131.83,132.54,75135100
2021-05-04,131.19,131.49,126.7,127.85,137564700
2021-05-05,129.2,130.45,127.97,128.1,84000900
2021-05-06,127.89,129.75,127.13,129.74,78128300
2021-05-07,130.85,131.26,129.48,130.21,78973300
2021-05-10,129.41,129.54,126.81,126.85,88071200
2021-05-11,123.5,126.27,122.77,125.91,126142800
2021-05-12,123.4,124.64,122.25,122.77,112172300
2021-05-13,124.58,126.15,124.26,124.97,105861300
2021-05-14,126.25,127.89,125.85,127.45,81918000
2021-05-17,126.82,126.93,125.17,126.27,74244600
2021-05-18,126.56,126.99,124.78,124.85,63342900
2021-05-19,123.16,124.92,122.86,124.69,92612000
2021-05-20,125.23,127.72,125.1,127.31,76857100
2021-05-21,127.82,128.0,125.21,125.43,79295400
2021-05-24,126.01,127.94,125.94,127.1,63092900
2021-05-25,127.82,128.32,126.32,126.9,72009500
2021-05-26,126.96,127.39,126.42,126.85,56575900
2021-05-27,126.44,127.64,125.08,125.28,94625600
2021-05-28,125.57,125.8,124.55,124.61,71311100
2021-06-01,125.08,125.35,123.94,124.28,67637100
2021-06-02,124.28,125.24,124.05,125.06,59278900
2021-06-03,124.68,124.85,123.13,123.54,76229200
2021-06-04,124.07,126.16,123.85,125.89,75169300
2021-06-07,126.17,126.32,124.83,125.9,71057600
2021-06-08,126.6,128.46,126.21,126.74,74403800
2021-06-09,127.21,127.75,126.52,127.13,56877900
2021-06-10,127.02,128.19,125.94,126.11,71186400
2021-06-11,126.53,127.44,126.1,127.35,53522400
2021-06-14,127.82,130.54,127.07,130.48,96906500
2021-06-15,129.94,130.6,129.39,129.64,62746300
2021-06-16,130.37,130.89,128.46,130.15,91815000
2021-06-17,129.8,132.55,129.65,131.79,96721700
2021-06-18,130.71,131.51,130.24,130.46,108953300
2021-06-21,130.3,132.41,129.21,132.3,79663300
2021-06-22,132.13,134.08,131.62,133.98,74783600
2021-06-23,133.77,134.32,133.23,133.7,60214200
2021-06-24,134.45,134.64,132.93,133.41,68711000
2021-06-25,133.46,133.89,132.81,133.11,70783700
2021-06-28,133.41,135.25,133.35,134.78,62111300
2021-06-29,134.8,136.49,134.35,136.33,64556100
2021-06-30,136.17,137.41,135.87,136.96,63261400
2021-07-01,136.6,137.33,135.76,137.27,52485800
2021-07-02,137.9,140.0,137.75,139.96,78852600
2021-07-06,140.07,143.15,140.07,142.02,108181800
2021-07-07,143.54,144.89,142.66,144.57,104911600
2021-07-08,141.58,144.06,140.67,143.24,105575500
2021-07-09,142.75,145.65,142.65,145.11,99890800
2021-07-12,146.21,146.32,144.0,144.5,76299700
2021-07-13,144.03,147.46,143.63,145.64,100827100
2021-07-14,148.1,149.57,147.68,149.15,127050800
2021-07-15,149.24,150.0,147.09,148.48,106820300
2021-07-16,148.46,149.76,145.88,146.39,93251400
2021-07-19,143.75,144.07,141.67,142.45,121434600
2021-07-20,143.46,147.1,142.96,146.15,96350000
2021-07-21,145.53,146.13,144.63,145.4,74993500
2021-07-22,145.94,148.2,145.81,146.8,77338200
2021-07-23,147.55,148.72,146.92,148.56,71447400
2021-07-26,148.27,149.83,147.7,148.99,72434100
2021-07-27,149.12,149.21,145.55,146.77,104818600
2021-07-28,144.81,146.97,142.54,144.98,118931200
2021-07-29,144.69,146.55,144.58,145.64,56699500
2021-07-30,144.38,146.33,144.11,145.86,70440600
2021-08-02,146.36,146.95,145.25,145.52,62880000
2021-08-03,145.81,148.04,145.18,147.36,64786600
2021-08-04,147.27,147.79,146.28,146.95,56368300
2021-08-05,146.98,147.84,146.17,147.06,46397700
2021-08-06,146.35,147.11,145.63,146.14,54126800
2021-08-09,146.2,146.7,145.52,146.09,48908700
2021-08-10,146.44,147.71,145.3,145.6,69023100
2021-08-11,146.05,146.72,145.53,145.86,48493500
2021-08-12,146.19,149.05,145.84,148.89,72282600
2021-08-13,148.97,149.44,148.27,149.1,59375000
2021-08-16,148.54,151.19,146.47,151.12,103296000
2021-08-17,150.23,151.68,149.09,150.19,92229700
2021-08-18,149.8,150.72,146.15,146.36,86326000
2021-08-19,145.03,148.0,144.5,146.7,86960300
2021-08-20,147.44,148.5,146.78,148.19,60549600
2021-08-23,148.31,150.19,147.89,149.71,60131800
2021-08-24,149.45,150.86,149.15,149.62,48606400
2021-08-25,149.81,150.32,147.8,148.36,58991300
2021-08-26,148.35,149.12,147.51,147.54,48597200
2021-08-27,147.48,148.75,146.83,148.6,55802400
2021-08-30,149.0,153.49,148.61,153.12,90956700
2021-08-31,152.66,152.8,151.29,151.83,86453100
2021-09-01,152.83,154.98,152.34,152.51,80313700
2021-09-02,153.87,154.72,152.4,153.65,71115500
2021-09-03,153.76,154.63,153.09,154.3,57808700
2021-09-07,154.97,157.26,154.39,156.69,82278300
2021-09-08,156.98,157.04,153.98,155.11,74420200
2021-09-09,155.49,156.11,153.95,154.07,57305700
2021-09-10,155.0,155.48,148.7,148.97,140893200
2021-09-13,150.63,151.42,148.75,149.55,102404300
2021-09-14,150.35,151.07,146.91,148.12,109296300
2021-09-15,148.56,149.44,146.37,149.03,83281300
2021-09-16,148.44,148.97,147.22,148.79,68034100
2021-09-17,148.82,148.82,145.76,146.06,129868800
2021-09-20,143.8,144.84,141.27,142.94,123478900
2021-09-21,143.93,144.6,142.78,143.43,75834000
2021-09-22,144.45,146.43,143.7,145.85,76404300
2021-09-23,146.65,147.08,145.64,146.83,64838200
2021-09-24,145.66,147.47,145.56,146.92,53477900
2021-09-27,145.47,145.96,143.82,145.37,74150700
2021-09-28,143.25,144.75,141.69,141.91,108972300
2021-09-29,142.47,144.45,142.03,142.83,74602000
2021-09-30,143.66,144.38,141.28,141.5,89056700
2021-10-01,141.9,142.92,139.11,142.65,94639600
2021-10-04,141.76,142.21,138.27,139.14,98322000
2021-10-05,139.49,142.24,139.36,141.11,80861100
2021-10-06,139.47,142.15,138.37,142.0,83221100
2021-10-07,143.06,144.22,142.72,143.29,61732700
2021-10-08,144.03,144.18,142.56,142.9,58773200
2021-10-11,142.27,144.81,141.81,142.81,64452200
2021-10-12,143.23,143.25,141.04,141.51,73035900
2021-10-13,141.24,141.4,139.2,140.91,78762700
2021-10-14,142.11,143.88,141.51,143.76,69907100
2021-10-15,143.77,144.9,143.51,144.84,67940300
2021-10-18,143.45,146.84,143.16,146.55,85589200
2021-10-19,147.01,149.17,146.55,148.76,76378900
2021-10-20,148.7,149.75,148.12,149.26,58418800
2021-10-21,148.81,149.64,147.87,149.48,61421000
2021-10-22,149.69,150.18,148.64,148.69,58883400
2021-10-25,148.68,149.37,147.62,148.64,50720600
2021-10-26,149.33,150.84,149.01,149.32,60893400
2021-10-27,149.36,149.73,148.49,148.85,56094900
2021-10-28,149.82,153.17,149.72,152.57,100077900
2021-10-29,147.22,149.94,146.41,149.8,124953200
2021-11-01,148.99,149.7,147.8,148.96,74588300
2021-11-02,148.66,151.57,148.65,150.02,69122000
2021-11-03,150.39,151.97,149.82,151.49,54511500
2021-11-04,151.58,152.43,150.64,150.96,60394600
2021-11-05,151.89,152.2,150.06,151.28,65463900
2021-11-08,151.41,151.57,150.16,150.44,55020900
2021-11-09,150.2,151.43,150.06,150.81,56787900
2021-11-10,150.02,150.13,147.85,147.92,65187100
2021-11-11,148.96,149.43,147.68,147.87,41000000
2021-11-12,148.43,150.4,147.48,149.99,63804000
2021-11-15,150.37,151.88,149.43,150.0,59222800
2021-11-16,149.94,151.49,149.34,151.0,59256200
2021-11-17,151.0,155.0,150.99,153.49,88807000
2021-11-18,153.71,158.67,153.05,157.87,137827700
2021-11-19,157.65,161.02,156.53,160.55,117305600
2021-11-22,161.68,165.7,161.0,161.02,117467900
2021-11-23,161.12,161.8,159.06,161.41,96041900
2021-11-24,160.75,162.14,159.64,161.94,69463600
2021-11-26,159.57,160.45,156.36,156.81,76959800
2021-11-29,159.37,161.19,158.79,160.24,88748200
2021-11-30,159.99,165.52,159.92,165.3,174048100
2021-12-01,167.48,170.3,164.53,164.77,152052500
2021-12-02,158.74,164.2,157.8,163.76,136739200
2021-12-03,164.02,164.96,159.72,161.84,118023100
2021-12-06,164.29,167.88,164.28,165.32,107497000
2021-12-07,169.08,171.58,168.34,171.18,120405400
2021-12-08,172.13,175.96,170.7,175.08,116998900
2021-12-09,174.91,176.75,173.92,174.56,108923700
2021-12-10,175.21,179.63,174.69,179.45,115402700
2021-12-13,181.12,182.13,175.53,175.74,153237000
2021-12-14,175.25,177.74,172.21,174.33,139380400
2021-12-15,175.11,179.5,172.31,179.3,131063300
2021-12-16,179.28,181.14,170.75,172.26,150185800
2021-12-17,169.93,173.47,169.69,171.14,195432700
2021-12-20,168.28,170.58,167.46,169.75,107499100
2021-12-21,171.56,173.2,169.12,172.99,91185900
2021-12-22,173.04,175.86,172.15,175.64,92135300
2021-12-23,175.85,176.85,175.27,176.28,68356600
2021-12-27,177.09,180.42,177.07,180.33,74919600
2021-12-28,180.16,181.33,178.53,179.29,79144300
2021-12-29,179.33,180.63,178.14,179.38,62348900
2021-12-30,179.47,180.57,178.09,178.2,59773000
2021-12-31,178.09,179.23,177.26,177.57,64062300
2022-01-03,177.83,182.88,177.71,182.01,104487900
2022-01-04,182.63,182.94,179.12,179.7,99310400
2022-01-05,179.61,180.17,174.64,174.92,94537600
2022-01-06,172.7,175.3,171.64,172.0,96904000
2022-01-07,172.89,174.14,171.03,172.17,86709100
2022-01-10,169.08,172.5,168.17,172.19,106765600
2022-01-11,172.32,175.18,170.82,175.08,76138300
2022-01-12,176.12,177.18,174.82,175.53,74805200
2022-01-13,175.78,176.62,171.79,172.19,84505800
2022-01-14,171.34,173.78,171.09,173.07,80440800
2022-01-18,171.51,172.54,169.41,169.8,90956700
2022-01-19,170.0,171.08,165.94,166.23,94815000
2022-01-20,166.98,169.68,164.18,164.51,91420500
2022-01-21,164.42,166.33,162.3,162.41,122848900
2022-01-24,160.02,162.3,154.7,161.62,162294600
2022-01-25,158.98,162.76,157.02,159.78,115798400
2022-01-26,163.5,164.39,157.82,159.69,108275300
2022-01-27,162.45,163.84,158.28,159.22,121954600
2022-01-28,165.71,170.35,162.8,170.33,179935700
2022-01-31,170.16,175.0,169.51,174.78,115541600
2022-02-01,174.01,174.84,172.31,174.61,86213900
2022-02-02,174.75,175.88,173.33,175.84,84914300
2022-02-03,174.48,176.24,172.12,172.9,89418100
2022-02-04,171.68,174.1,170.68,172.39,82465400
2022-02-07,172.86,173.95,170.95,171.66,77251200
2022-02-08,171.73,175.35,171.43,174.83,74829200
2022-02-09,176.05,176.65,174.9,176.28,71285000
2022-02-10,174.14,175.48,171.55,172.12,90865900
2022-02-11,172.33,173.08,168.04,168.64,98670700
2022-02-14,167.37,169.58,166.56,168.88,86185500
2022-02-15,170.97,172.95,170.25,172.79,62527400
2022-02-16,171.85,173.34,170.05,172.55,61177400
2022-02-17,171.03,171.91,168.47,168.88,69589300
2022-02-18,169.82,170.54,166.19,167.3,82772700
2022-02-22,164.98,166.69,162.15,164.32,91162800
2022-02-23,165.54,166.15,159.75,160.07,90009200
2022-02-24,152.58,162.85,152.0,162.74,141147500
2022-02-25,163.84,165.12,160.87,164.85,91974200
2022-02-28,163.06,165.42,162.43,165.12,95056600
2022-03-01,164.7,166.6,161.97,163.2,83474400
2022-03-02,164.39,167.36,162.95,166.56,79724800
2022-03-03,168.47,168.91,165.55,166.23,76678400
2022-03-04,164.49,165.55,162.1,163.17,83737200
2022-03-07,163.36,165.02,159.04,159.3,96418800
2022-03-08,158.82,162.88,155.8,157.44,131148300
2022-03-09,161.48,163.41,159.41,162.95,91454900
2022-03-10,160.2,160.39,155.98,158.52,105342000
2022-03-11,158.93,159.28,154.5,154.73,96970100
2022-03-14,151.45,154.12,150.1,150.62,108732100
2022-03-15,150.9,155.57,150.38,155.09,92964300
2022-03-16,157.05,160.0,154.46,159.59,102300200
2022-03-17,158.61,161.0,157.63,160.62,75615400
2022-03-18,160.51,164.48,159.76,163.98,123511700
2022-03-21,163.51,166.35,163.01,165.38,95811400
2022-03-22,165.51,169.42,164.91,168.82,81532000
2022-03-23,167.99,172.64,167.65,170.21,98062700
2022-03-24,171.06,174.14,170.21,174.07,90131400
2022-03-25,173.88,175.28,172.75,174.72,80546200
2022-03-28,172.17,175.73,172.0,175.6,90371900
2022-03-29,176.69,179.01,176.34,178.96,100589400
2022-03-30,178.55,179.61,176.7,177.77,92633200
2022-03-31,177.84,178.03,174.4,174.61,103049300
2022-04-01,174.03,174.88,171.94,174.31,78751300
2022-04-04,174.57,178.49,174.44,178.44,76468400
2022-04-05,177.5,178.3,174.42,175.06,73401800
2022-04-06,172.36,173.63,170.13,171.83,89058800
2022-04-07,171.16,173.36,169.85,172.14,77594700
2022-04-08,171.78,171.78,169.2,170.09,76575500
2022-04-11,168.71,169.03,165.5,165.75,72246700
2022-04-12,168.02,169.87,166.64,167.66,79265200
2022-04-13,167.39,171.04,166.77,170.4,70618900
2022-04-14,170.62,171.27,165.04,165.29,75329400
2022-04-18,163.92,166.6,163.57,165.07,69023900
2022-04-19,165.02,167.82,163.91,167.4,67723800
2022-04-20,168.76,168.88,166.1,167.23,67929800
2022-04-21,168.91,171.53,165.91,166.42,87227800
2022-04-22,166.46,167.87,161.5,161.79,84882400
2022-04-25,161.12,163.17,158.46,162.88,96046400
2022-04-26,162.25,162.34,156.72,156.8,95623200
2022-04-27,155.91,159.79,155.38,156.57,88063200
2022-04-28,159.25,164.52,158.93,163.64,130216800
2022-04-29,161.84,166.2,157.25,157.65,131747600
2022-05-02,156.71,158.23,153.27,157.96,123055300
2022-05-03,158.15,160.71,156.32,159.48,88966500
2022-05-04,159.67,166.48,159.26,166.02,108256500
2022-05-05,163.85,164.08,154.95,156.77,130525300
2022-05-06,156.01,159.44,154.18,157.28,116124600
2022-05-09,154.93,155.83,151.49,152.06,131577900
2022-05-10,155.52,156.74,152.93,154.51,115366700
2022-05-11,153.5,155.45,145.81,146.5,142689800
2022-05-12,142.77,146.2,138.8,142.56,182602000
2022-05-13,144.59,148.1,143.11,147.11,113990900
2022-05-16,145.55,147.52,144.18,145.54,86643800
2022-05-17,148.86,149.77,146.68,149.24,78336300
2022-05-18,146.85,147.36,139.9,140.82,109742900
2022-05-19,139.88,141.66,136.6,137.35,136095600
2022-05-20,139.09,140.7,132.61,137.59,137426100
2022-05-23,137.79,143.26,137.65,143.11,117726300
2022-05-24,140.81,141.97,137.33,140.36,104132700
2022-05-25,138.43,141.79,138.34,140.52,92482700
2022-05-26,137.39,144.34,137.14,143.78,90601500
2022-05-27,145.39,149.68,145.26,149.64,90978500
2022-05-31,149.07,150.66,146.84,148.84,103718400
2022-06-01,149.9,151.74,147.68,148.71,74286600
2022-06-02,147.83,151.27,146.86,151.21,72348100
2022-06-03,146.9,147.97,144.46,145.38,88570300
2022-06-06,147.03,148.57,144.9,146.14,71598400
2022-06-07,144.35,149.0,144.1,148.71,67808200
2022-06-08,148.58,149.87,147.46,147.96,53950200
2022-06-09,147.08,147.95,142.53,142.64,69473000
2022-06-10,140.28,140.76,137.06,137.13,91437900
2022-06-13,132.87,135.2,131.44,131.88,122207100
2022-06-14,133.13,133.89,131.48,132.76,84784300
2022-06-15,134.29,137.34,132.16,135.43,91533000
2022-06-16,132.08,132.39,129.04,130.06,108123900
2022-06-17,130.07,133.08,129.81,131.56,134520300
2022-06-21,133.42,137.06,133.32,135.87,81000500
2022-06-22,134.79,137.76,133.91,135.35,73409200
2022-06-23,136.82,138.59,135.63,138.27,72433800
2022-06-24,139.9,141.91,139.77,141.66,89116800
2022-06-27,142.7,143.49,140.97,141.66,70207900
2022-06-28,142.13,143.42,137.32,137.44,67083400
2022-06-29,137.46,140.67,136.67,139.23,66242400
2022-06-30,137.25,138.37,133.77,136.72,98964500
2022-07-01,136.04,139.04,135.66,138.93,71051600
2022-07-05,137.77,141.61,136.93,141.56,73353800
2022-07-06,141.35,144.12,141.08,142.92,74064300
2022-07-07,143.29,146.55,143.28,146.35,66253700
2022-07-08,145.26,147.55,145.0,147.04,64547800
2022-07-11,145.67,146.64,143.78,144.87,63141600
2022-07-12,145.76,148.45,145.05,145.86,77588800
2022-07-13,142.99,146.45,142.12,145.49,71185600
2022-07-14,144.08,148.95,143.25,148.47,78140700
2022-07-15,149.78,150.86,148.2,150.17,76259900
2022-07-18,150.74,151.57,146.7,147.07,81420900
2022-07-19,147.92,151.23,146.91,151.0,82982400
2022-07-20,151.12,153.72,150.37,153.04,64823400
2022-07-21,154.5,155.57,151.94,155.35,65086600
2022-07-22,155.39,156.28,153.41,154.09,66675400
2022-07-25,154.01,155.04,152.28,152.95,53623900
2022-07-26,152.26,153.09,150.8,151.6,55138700
2022-07-27,152.58,157.33,152.16,156.79,78620700
2022-07-28,156.98,157.64,154.41,157.35,81378700
2022-07-29,161.24,163.63,159.5,162.51,101786900
2022-08-01,161.01,163.59,160.89,161.51,67829400
2022-08-02,160.1,162.41,159.63,160.01,59907000
2022-08-03,160.84,166.59,160.75,166.13,82507500
2022-08-04,166.01,167.19,164.43,165.81,55474100
2022-08-05,163.21,165.85,163.0,165.35,56697000
2022-08-08,166.37,167.81,164.2,164.87,60276900
2022-08-09,164.02,165.82,163.25,164.92,63135500
2022-08-10,167.68,169.34,166.9,169.24,70170500
2022-08-11,170.06,170.99,168.19,168.49,57149200
2022-08-12,169.82,172.17,169.4,172.1,68039400
2022-08-15,171.52,173.39,171.35,173.19,54091700
2022-08-16,172.78,173.71,171.66,173.03,56377100
2022-08-17,172.77,176.15,172.57,174.55,79542000
2022-08-18,173.75,174.9,173.12,174.15,62290100
2022-08-19,173.03,173.74,171.31,171.52,70346300
2022-08-22,169.69,169.86,167.14,167.57,69026800
2022-08-23,167.08,168.71,166.65,167.23,54147100
2022-08-24,167.32,168.11,166.25,167.53,53841500
2022-08-25,168.78,170.14,168.35,170.03,51218200
2022-08-26,170.57,171.05,163.56,163.62,78961000
2022-08-29,161.15,162.9,159.82,161.38,73314000
2022-08-30,162.13,162.56,157.72,158.91,77906200
2022-08-31,160.31,160.58,157.14,157.22,87991100
2022-09-01,156.64,158.42,154.67,157.96,74229900
2022-09-02,159.75,160.36,154.97,155.81,76957800
2022-09-06,156.47,157.09,153.69,154.53,73714800
2022-09-07,154.82,156.67,153.61,155.96,87449600
2022-09-08,154.64,156.36,152.68,154.46,84923800
2022-09-09,155.47,157.82,154.75,157.37,68028800
2022-09-12,159.59,164.26,159.3,163.43,104956000
2022-09-13,159.9,160.54,153.37,153.84,122656600
2022-09-14,154.79,157.1,153.61,155.31,87965400
2022-09-15,154.65,155.24,151.38,152.37,90481100
2022-09-16,151.21,151.35,148.37,150.7,162278800
2022-09-19,149.31,154.56,149.1,154.48,81474200
2022-09-20,153.4,158.08,153.08,156.9,107689800
2022-09-21,157.34,158.74,153.6,153.72,101696800
2022-09-22,152.38,154.47,150.91,152.74,86652500
2022-09-23,151.19,151.47,148.56,150.43,96029900
2022-09-26,149.66,153.77,149.64,150.77,93339400
2022-09-27,152.74,154.72,149.95,151.76,84442700
2022-09-28,147.64,150.64,144.84,149.84,146691400
2022-09-29,146.1,146.72,140.68,142.48,128138200
2022-09-30,141.28,143.1,138.0,138.2,124925300
2022-10-03,138.21,143.07,137.69,142.45,114311700
2022-10-04,145.03,146.22,144.26,146.1,87830100
2022-10-05,144.07,147.38,143.01,146.4,79471000
2022-10-06,145.81,147.54,145.22,145.43,68402200
2022-10-07,142.54,143.1,139.45,140.09,85925600
2022-10-10,140.42,141.89,138.57,140.42,74899000
2022-10-11,139.9,141.35,138.22,138.98,77033700
2022-10-12,139.13,140.36,138.16,138.34,70433700
2022-10-13,134.99,143.59,134.37,142.99,113224000
2022-10-14,144.31,144.52,138.19,138.38,88598000
2022-10-17,141.07,142.9,140.27,142.41,85250900
2022-10-18,145.49,146.7,140.61,143.75,99136600
2022-10-19,141.69,144.95,141.5,143.86,61758300
2022-10-20,143.02,145.89,142.65,143.39,64522000
2022-10-21,142.87,147.85,142.65,147.27,86548600
2022-10-24,147.19,150.23,146.0,149.45,75981900
2022-10-25,150.09,152.49,149.36,152.34,74732300
2022-10-26,150.96,151.99,148.04,149.35,88194300
2022-10-27,148.07,149.05,144.13,144.8,109180200
2022-10-28,148.2,157.5,147.82,155.74,164762400
2022-10-31,153.16,154.24,151.92,153.34,97943200
2022-11-01,155.08,155.45,149.13,150.65,80379300
2022-11-02,148.95,152.17,145.0,145.03,93604600
2022-11-03,142.06,142.8,138.75,138.88,97918500
2022-11-04,142.09,142.67,134.38,138.38,140814800
2022-11-07,137.11,139.15,135.67,138.92,83374600
2022-11-08,140.41,141.43,137.49,139.5,89908500
2022-11-09,138.5,138.55,134.59,134.87,74917800
2022-11-10,141.24,146.87,139.5,146.87,118854000
2022-11-11,145.82,150.01,144.37,149.7,93979700
2022-11-14,148.97,150.28,147.43,148.28,73374100
2022-11-15,152.22,153.59,148.56,150.04,89868300
2022-11-16,149.13,149.87,147.29,148.79,64218300
2022-11-17,146.43,151.48,146.15,150.72,80389400
2022-11-18,152.31,152.7,149.97,151.29,74829600
2022-11-21,150.16,150.37,147.72,148.01,58724100
2022-11-22,148.13,150.42,146.93,150.18,51804100
2022-11-23,149.45,151.83,149.34,151.07,58301400
2022-11-25,148.31,148.88,147.12,148.11,35195900
2022-11-28,145.14,146.64,143.38,144.22,69246000
2022-11-29,144.29,144.81,140.35,141.17,83763800
2022-11-30,141.4,148.72,140.55,148.03,111380900
2022-12-01,148.21,149.13,146.61,148.31,71250400
2022-12-02,145.96,148.0,145.65,147.81,65447400
2022-12-05,147.77,150.92,145.77,146.63,68826400
2022-12-06,147.07,147.3,141.92,142.91,64727200
2022-12-07,142.19,143.37,140.0,140.94,69721100
2022-12-08,142.36,143.52,141.1,142.65,62128300
2022-12-09,142.34,145.57,140.9,142.16,76097000
2022-12-12,142.7,144.5,141.06,144.49,70462700
2022-12-13,149.5,149.97,144.24,145.47,93886200
2022-12-14,145.35,146.66,141.16,143.21,82291200
2022-12-15,141.11,141.8,136.03,136.5,98931900
2022-12-16,136.69,137.65,133.73,134.51,160156900
2022-12-19,135.11,135.2,131.32,132.37,79592600
2022-12-20,131.39,133.25,129.89,132.3,77432800
2022-12-21,132.98,136.81,132.75,135.45,85928000
2022-12-22,134.35,134.56,130.3,132.23,77852100
2022-12-23,130.92,132.42,129.64,131.86,63814900
2022-12-27,131.38,131.41,128.72,130.03,69007800
2022-12-28,129.67,131.03,125.87,126.04,85438400
2022-12-29,127.99,130.48,127.73,129.61,75703700
2022-12-30,128.41,129.95,127.43,129.93,77034200
2023-01-03,130.28,130.9,124.17,125.07,112117500
2023-01-04,126.89,128.66,125.08,126.36,89113600
2023-01-05,127.13,127.77,124.76,125.02,80962700
2023-01-06,126.01,130.29,124.89,129.62,87754700
2023-01-09,130.47,133.41,129.89,130.15,70790800
2023-01-10,130.26,131.26,128.12,130.73,63896200
2023-01-11,131.25,133.51,130.46,133.49,69458900
2023-01-12,133.88,134.26,131.44,133.41,71379600
2023-01-13,132.03,134.92,131.66,134.76,57809700
2023-01-17,134.83,137.29,134.13,135.94,63646600
2023-01-18,136.82,138.61,135.03,135.21,69672800
2023-01-19,134.08,136.25,133.77,135.27,58280400
2023-01-20,135.28,138.02,134.22,137.87,80223600
2023-01-23,138.12,143.32,137.9,141.11,81760300
2023-01-24,140.31,143.16,140.3,142.53,66435100
2023-01-25,140.89,142.43,138.81,141.86,65799300
2023-01-26,143.17,144.25,141.9,143.96,54105100
2023-01-27,143.16,147.23,143.08,145.93,70555800
2023-01-30,144.96,145.55,142.85,143.0,64015300
2023-01-31,142.7,144.34,142.28,144.29,65874500
2023-02-01,143.97,146.61,141.32,145.43,77663600
2023-02-02,148.9,151.18,148.17,150.82,118339000
2023-02-03,148.03,157.38,147.83,154.5,154357300
2023-02-06,152.57,153.1,150.78,151.73,69858300
2023-02-07,150.64,155.23,150.64,154.65,83322600
2023-02-08,153.88,154.58,151.17,151.92,64120100
2023-02-09,153.78,154.33,150.42,150.87,56007100
2023-02-10,149.46,151.34,149.22,151.01,57450700
2023-02-13,150.95,154.26,150.92,153.85,62199000
2023-02-14,152.12,153.77,150.86,153.2,61707600
2023-02-15,153.11,155.5,152.88,155.33,65573800
2023-02-16,153.51,156.33,153.35,153.71,68167900
2023-02-17,152.35,153.0,150.85,152.55,59144100
2023-02-21,150.2,151.3,148.41,148.48,58867200
2023-02-22,148.87,149.95,147.16,148.91,51011300
2023-02-23,150.09,150.34,147.24,149.4,48394200
2023-02-24,147.11,147.19,145.72,146.71,55469600
2023-02-27,147.71,149.17,147.45,147.92,44998500
2023-02-28,147.05,149.08,146.83,147.41,50547000
2023-03-01,146.83,147.23,145.01,145.31,55479000
2023-03-02,144.38,146.71,143.9,145.91,52238100
2023-03-03,148.04,151.11,147.33,151.03,70732300
2023-03-06,153.79,156.3,153.46,153.83,87558000
2023-03-07,153.7,154.03,151.13,151.6,56182000
2023-03-08,152.81,153.47,151.83,152.87,47204800
2023-03-09,153.56,154.54,150.23,150.59,53833600
2023-03-10,150.21,150.94,147.61,148.5,68572400
2023-03-13,147.81,153.14,147.7,150.47,84457100
2023-03-14,151.28,153.4,150.1,152.59,73695900
2023-03-15,151.19,153.25,149.92,152.99,77167900
2023-03-16,152.16,156.46,151.64,155.85,76161100
2023-03-17,156.08,156.74,154.28,155.0,98944600
2023-03-20,155.07,157.82,154.15,157.4,73641400
2023-03-21,157.32,159.4,156.54,159.28,73938300
2023-03-22,159.3,162.14,157.81,157.83,75701800
2023-03-23,158.83,161.55,157.68,158.93,67622100
2023-03-24,158.86,160.34,157.85,160.25,59196500
2023-03-27,159.94,160.77,157.87,158.28,52390300
2023-03-28,157.97,158.49,155.98,157.65,45992200
2023-03-29,159.37,161.05,159.35,160.77,51305700
2023-03-30,161.53,162.47,161.27,162.36,49501700
2023-03-31,162.44,165.0,161.91,164.9,68749800
2023-04-03,164.27,166.29,164.22,166.17,56976200
2023-04-04,166.6,166.84,165.11,165.63,46278300
2023-04-05,164.74,165.05,161.8,163.76,51511700
2023-04-06,162.43,164.96,162.0,164.66,45390100
2023-04-10,161.42,162.03,160.08,162.03,47716900
2023-04-11,162.35,162.36,160.51,160.8,47644200
2023-04-12,161.22,162.06,159.78,160.1,50133100
2023-04-13,161.63,165.8,161.42,165.56,68445600
2023-04-14,164.59,166.32,163.82,165.21,49386500
2023-04-17,165.09,165.39,164.03,165.23,41516200
2023-04-18,166.1,167.41,165.65,166.47,49923000
2023-04-19,165.8,168.16,165.54,167.63,47720200
2023-04-20,166.09,167.87,165.56,166.65,52456400
2023-04-21,165.05,166.45,164.49,165.02,58337300
2023-04-24,165.0,165.6,163.89,165.33,41949600
2023-04-25,165.19,166.31,163.73,163.77,48714100
2023-04-26,163.06,165.28,162.8,163.76,45498800
2023-04-27,165.19,168.56,165.19,168.41,64902300
2023-04-28,168.49,169.85,167.88,169.68,55275900
2023-05-01,169.28,170.45,168.64,169.59,52472900
2023-05-02,170.09,170.35,167.54,168.54,48425700
2023-05-03,169.5,170.92,167.16,167.45,65136000
2023-05-04,164.89,167.04,164.31,165.79,81235400
2023-05-05,170.98,174.3,170.76,173.57,113453200
2023-05-08,172.48,173.85,172.11,173.5,55962800
2023-05-09,173.05,173.54,171.6,171.77,45326900
2023-05-10,173.02,174.03,171.9,173.56,53724500
2023-05-11,173.85,174.59,172.17,173.75,49514700
2023-05-12,173.62,174.06,171.0,172.57,45533100
2023-05-15,173.16,173.21,171.47,172.07,37266700
2023-05-16,171.99,173.14,171.8,172.07,42110300
2023-05-17,171.71,172.93,170.42,172.69,57951600
2023-05-18,173.0,175.24,172.58,175.05,65496700
2023-05-19,176.39,176.39,174.94,175.16,55809500
2023-05-22,173.98,174.71,173.45,174.2,43570900
2023-05-23,173.13,173.38,171.28,171.56,50747300
2023-05-24,171.09,172.42,170.52,171.84,45143500
2023-05-25,172.41,173.9,171.69,172.99,56058300
2023-05-26,173.32,175.77,173.11,175.43,54835000
2023-05-30,176.96,178.99,176.57,177.3,55964400
2023-05-31,177.33,179.35,176.76,177.25,99625300
2023-06-01,177.7,180.12,176.93,180.09,68901800
2023-06-02,181.03,181.78,179.26,180.95,61996900
2023-06-05,182.63,184.95,178.04,179.58,121946500
2023-06-06,179.97,180.12,177.43,179.21,64848400
2023-06-07,178.44,181.21,177.32,177.82,61944600
2023-06-08,177.9,180.84,177.46,180.57,50214900
2023-06-09,181.5,182.23,180.63,180.96,48900000
2023-06-12,181.27,183.89,180.97,183.79,54274900
2023-06-13,182.8,184.15,182.44,183.31,54929100
2023-06-14,183.37,184.39,182.02,183.95,57462900
2023-06-15,183.96,186.52,183.78,186.01,65433200
2023-06-16,186.73,186.99,184.27,184.92,101256200
2023-06-20,184.41,186.1,184.41,185.01,49799100
2023-06-21,184.9,185.41,182.59,183.96,49515700
2023-06-22,183.74,187.05,183.67,187.0,51245300
2023-06-23,185.55,187.56,185.01,186.68,53117000
2023-06-26,186.83,188.05,185.23,185.27,48088700
2023-06-27,185.89,188.39,185.67,188.06,50730800
2023-06-28,187.93,189.9,187.6,189.25,51216800
2023-06-29,189.08,190.07,188.94,189.59,46347300
2023-06-30,191.63,194.48,191.26,193.97,85213200
2023-07-03,193.78,193.88,191.76,192.46,31458200
2023-07-05,191.57,192.98,190.62,191.33,46920300
2023-07-06,189.84,192.02,189.2,191.81,45094300
2023-07-07,191.41,192.67,190.24,190.68,46815000
2023-07-10,189.26,189.99,187.04,188.61,59922200
2023-07-11,189.16,189.3,186.6,188.08,46638100
2023-07-12,189.68,191.7,188.47,189.77,60750200
2023-07-13,190.5,191.19,189.78,190.54,41342300
2023-07-14,190.23,191.18,189.63,190.69,41616200
2023-07-17,191.9,194.32,191.81,193.99,50520200
2023-07-18,193.35,194.33,192.42,193.73,48288200
2023-07-19,193.1,198.23,192.65,195.1,80507300
2023-07-20,195.09,196.47,192.5,193.13,59581200
2023-07-21,194.1,194.97,191.23,191.94,71951700
2023-07-24,193.41,194.91,192.25,192.75,45377800
2023-07-25,193.33,194.44,192.92,193.62,37283200
2023-07-26,193.67,195.64,193.32,194.5,47471900
2023-07-27,196.02,197.2,192.55,193.22,47460200
2023-07-28,194.67,196.63,194.14,195.83,48291400
2023-07-31,196.06,196.49,195.26,196.45,38824100
2023-08-01,196.24,196.73,195.28,195.61,35175100
2023-08-02,195.04,195.18,191.85,192.58,50389300
2023-08-03,191.57,192.37,190.69,191.17,61235200
2023-08-04,185.52,187.38,181.92,181.99,115956800
2023-08-07,182.13,183.13,177.35,178.85,97576100
2023-08-08,179.69,180.27,177.58,179.8,67823000
2023-08-09,180.87,180.93,177.01,178.19,60378500
2023-08-10,179.48,180.75,177.6,177.97,54686900
2023-08-11,177.32,178.62,176.55,177.79,52036700
2023-08-14,177.97,179.69,177.31,179.46,43675600
2023-08-15,178.88,179.48,177.05,177.45,43622600
2023-08-16,177.13,178.54,176.5,176.57,46964900
2023-08-17,177.14,177.51,173.48,174.0,66062900
2023-08-18,172.3,175.1,171.96,174.49,61172200
2023-08-21,175.07,176.13,173.74,175.84,46311900
2023-08-22,177.06,177.68,176.25,177.23,42038900
2023-08-23,178.52,181.55,178.33,181.12,52722800
2023-08-24,180.67,181.1,176.01,176.38,54945800
2023-08-25,177.38,179.15,175.82,178.61,51449600
2023-08-28,180.09,180.59,178.55,180.19,43820700
2023-08-29,179.7,184.9,179.5,184.12,53003900
2023-08-30,184.94,187.85,184.74,187.65,60813900
2023-08-31,187.84,189.12,187.48,187.87,60794500
2023-09-01,189.49,189.92,188.28,189.46,45766500
2023-09-05,188.28,189.98,187.61,189.7,45280000
2023-09-06,188.4,188.85,181.47,182.91,81755800
2023-09-07,175.18,178.21,173.54,177.56,112488800
2023-09-08,178.35,180.24,177.79,178.18,65551300
2023-09-11,180.07,180.3,177.34,179.36,58953100
2023-09-12,179.49,180.13,174.82,176.3,90370200
2023-09-13,176.51,177.3,173.98,174.21,84267900
2023-09-14,174.0,176.1,173.58,175.74,60895800
2023-09-15,176.48,176.5,173.82,175.01,109259500
2023-09-18,176.48,179.38,176.17,177.97,67257600
2023-09-19,177.52,179.63,177.13,179.07,51826900
2023-09-20,179.26,179.7,175.4,175.49,58436200
2023-09-21,174.55,176.3,173.86,173.93,63149100
2023-09-22,174.67,177.08,174.05,174.79,56725400
2023-09-25,174.2,176.97,174.15,176.08,46172700
2023-09-26,174.82,175.2,171.66,171.96,64588900
2023-09-27,172.62,173.04,169.05,170.43,66921800
2023-09-28,169.34,172.03,167.62,170.69,56294400
2023-09-29,172.02,173.07,170.34,171.21,51861100
2023-10-02,171.22,174.3,170.93,173.75,52164500
2023-10-03,172.26,173.63,170.82,172.4,49594600
2023-10-04,171.09,174.21,170.97,173.66,53020300
2023-10-05,173.79,175.45,172.68,174.91,48527900
2023-10-06,173.8,177.99,173.18,177.49,57266700
2023-10-09,176.81,179.05,175.8,178.99,42390800
2023-10-10,178.1,179.72,177.95,178.39,43698000
2023-10-11,178.2,179.85,177.6,179.8,47551100
2023-10-12,180.07,182.34,179.04,180.71,56743100
2023-10-13,181.42,181.93,178.14,178.85,51427100
2023-10-16,176.75,179.08,176.51,178.72,52517000
2023-10-17,176.65,178.42,174.8,177.15,57549400
2023-10-18,175.58,177.58,175.11,175.84,54764400
2023-10-19,176.04,177.84,175.19,175.46,59302900
2023-10-20,175.31,175.42,172.64,172.88,64244000
2023-10-23,170.91,174.01,169.93,173.0,55980100
2023-10-24,173.05,173.67,171.45,173.44,43816600
2023-10-25,171.88,173.06,170.65,171.1,57157000
2023-10-26,170.37,171.38,165.67,166.89,70625300
2023-10-27,166.91,168.96,166.83,168.22,58499100
2023-10-30,169.02,171.17,168.87,170.29,51131000
2023-10-31,169.35,170.9,167.9,170.77,44846000
2023-11-01,171.0,174.23,170.12,173.97,56934900
2023-11-02,175.52,177.78,175.46,177.57,77334800
2023-11-03,174.24,176.82,173.35,176.65,79829200
2023-11-06,176.38,179.43,176.21,179.23,63841300
2023-11-07,179.18,182.44,178.97,181.82,70530000
2023-11-08,182.35,183.45,181.59,182.89,49340300
2023-11-09,182.96,184.12,181.81,182.41,53763500
2023-11-10,183.97,186.57,183.53,186.4,66133400
2023-11-13,185.82,186.03,184.21,184.8,43627500
2023-11-14,187.7,188.11,186.3,187.44,60108400
2023-11-15,187.85,189.5,187.78,188.01,53790500
2023-11-16,189.57,190.96,188.65,189.71,54412900
2023-11-17,190.25,190.38,188.57,189.69,50922700
2023-11-20,189.89,191.91,189.88,191.45,46505100
2023-11-21,191.41,191.52,189.74,190.64,38134500
2023-11-22,191.49,192.93,190.83,191.31,39617700
2023-11-24,190.87,190.9,189.25,189.97,24048300
2023-11-27,189.92,190.67,188.9,189.79,40552600
2023-11-28,189.78,191.08,189.4,190.4,38415400
2023-11-29,190.9,192.09,188.97,189.37,43014200
2023-11-30,189.84,190.32,188.19,189.95,48794400
2023-12-01,190.33,191.56,189.23,191.24,45704800
2023-12-04,189.98,190.05,187.45,189.43,43389500
2023-12-05,190.21,194.4,190.18,193.42,66628400
2023-12-06,194.45,194.76,192.11,192.32,41089700
2023-12-07,193.63,195.0,193.59,194.27,47477700
2023-12-08,194.2,195.99,193.67,195.71,53406400
2023-12-11,193.11,193.49,191.42,193.18,60943700
2023-12-12,193.08,194.72,191.72,194.71,52696900
2023-12-13,195.09,198.0,194.85,197.96,70404200
2023-12-14,198.02,199.62,196.16,198.11,66831600
2023-12-15,197.53,198.4,197.0,197.57,128538400
2023-12-18,196.09,196.63,194.39,195.89,55751900
2023-12-19,196.16,196.95,195.89,196.94,40714100
2023-12-20,196.9,197.68,194.83,194.83,52242800
2023-12-21,196.1,197.08,193.5,194.68,46482500
2023-12-22,195.18,195.41,192.97,193.6,37149600
2023-12-26,193.61,193.89,192.83,193.05,28919300
2023-12-27,192.49,193.5,191.09,193.15,48087700
2023-12-28,194.14,194.66,193.17,193.58,34049900
2023-12-29,193.9,194.4,191.73,192.53,42672100
2024-01-02,187.15,188.44,183.89,185.64,82488700
2024-01-03,184.22,185.88,183.43,184.25,58414500
2024-01-04,182.15,183.09,180.88,181.91,71983600
2024-01-05,181.99,182.76,180.17,181.18,62379700
2024-01-08,182.09,185.6,181.5,185.56,59144500
2024-01-09,183.92,185.15,182.73,185.14,42841800
2024-01-10,184.35,186.4,183.92,186.19,46792900
2024-01-11,186.54,187.05,183.62,185.59,49128400
2024-01-12,186.06,186.74,185.19,185.92,40477800
2024-01-16,182.16,184.26,180.93,183.63,65603000
2024-01-17,181.27,182.93,180.3,182.68,47317400
2024-01-18,186.09,189.14,185.83,188.63,78005800
2024-01-19,189.33,191.95,188.82,191.56,68903000
2024-01-22,192.3,195.33,192.26,193.89,60133900
2024-01-23,195.02,195.75,193.83,195.18,42355600
2024-01-24,195.42,196.38,194.34,194.5,53631300
2024-01-25,195.22,196.27,193.11,194.17,54822100
2024-01-26,194.27,194.76,191.94,192.42,44594000
2024-01-29,192.01,192.2,189.58,191.73,47145600
2024-01-30,190.94,191.8,187.47,188.04,55859400
2024-01-31,187.04,187.1,184.35,184.4,55467800
2024-02-01,183.99,186.95,183.82,186.86,64885400
2024-02-02,179.86,187.33,179.25,185.85,102551700
2024-02-05,188.15,189.25,185.84,187.68,69668800
2024-02-06,186.86,189.31,186.77,189.3,43490800
2024-02-07,190.64,191.05,188.61,189.41,53439000
2024-02-08,189.39,189.54,187.35,188.32,40962000
2024-02-09,188.65,189.99,188.0,188.85,45155200
2024-02-12,188.42,188.67,186.79,187.15,41781900
2024-02-13,185.77,186.21,183.51,185.04,56529500
2024-02-14,185.32,185.53,182.44,184.15,54630500
2024-02-15,183.55,184.49,181.35,183.86,65434500
2024-02-16,183.42,184.85,181.67,182.31,49752500
2024-02-20,181.79,182.43,180.0,181.56,53665600
2024-02-21,181.94,182.89,180.66,182.32,41371400
2024-02-22,183.48,184.96,182.46,184.37,52292200
2024-02-23,185.01,185.04,182.23,182.52,45119700
2024-02-26,182.24,182.76,180.65,181.16,40867400
2024-02-27,181.1,183.92,179.56,182.63,54318900
2024-02-28,182.51,183.12,180.13,181.42,48953900
2024-02-29,181.27,182.57,179.53,180.75,136682600
2024-03-01,179.55,180.53,177.38,179.66,73563100
2024-03-04,176.15,176.9,173.79,175.1,81510100
2024-03-05,170.76,172.04,169.62,170.12,95132400
2024-03-06,171.06,171.24,168.68,169.12,68587700
2024-03-07,169.15,170.73,168.49,169.0,71765100
2024-03-08,169.0,173.7,168.94,170.73,76267000
2024-03-11,172.94,174.38,172.05,172.75,60139500
2024-03-12,173.15,174.03,171.01,173.23,59825400
2024-03-13,172.77,173.19,170.76,171.13,52488700
2024-03-14,172.91,174.31,172.05,173.0,72913500
2024-03-15,171.17,172.62,170.29,172.62,121752700
2024-03-18,175.57,177.71,173.52,173.72,75604200
2024-03-19,174.34,176.61,173.03,176.08,55215200
2024-03-20,175.72,178.67,175.09,178.67,53423100
2024-03-21,177.05,177.49,170.84,171.37,106181300
2024-03-22,171.76,173.05,170.06,172.28,71160100
2024-03-25,170.57,171.94,169.45,170.85,54288300
2024-03-26,170.0,171.42,169.58,169.71,57388400
2024-03-27,170.41,173.6,170.11,173.31,60273300
2024-03-28,171.75,172.23,170.51,171.48,65672700
2024-04-01,171.19,171.25,169.48,170.03,46240500
2024-04-02,169.08,169.34,168.23,168.84,49329500
2024-04-03,168.79,170.68,168.58,169.65,47691700
2024-04-04,170.29,171.92,168.82,168.82,53704400
2024-04-05,169.59,170.39,168.95,169.58,42104800
2024-04-08,169.03,169.2,168.24,168.45,37425500
2024-04-09,168.7,170.08,168.35,169.67,42373800
2024-04-10,168.8,169.09,167.11,167.78,49709300
2024-04-11,168.34,175.46,168.16,175.04,91070300
2024-04-12,174.26,178.36,174.21,176.55,101670900
2024-04-15,175.36,176.63,172.5,172.69,73531800
2024-04-16,171.75,173.76,168.27,169.38,73711200
2024-04-17,169.61,170.65,168.0,168.0,50901200
2024-04-18,168.03,168.64,166.55,167.04,43122900
2024-04-19,166.21,166.4,164.08,165.0,68149400
2024-04-22,165.52,167.26,164.77,165.84,48116400
2024-04-23,165.35,167.05,164.92,166.9,49537800
2024-04-24,166.54,169.3,166.21,169.02,48251800
2024-04-25,169.53,170.61,168.15,169.89,50558300
2024-04-26,169.88,171.34,169.18,169.3,44838400
2024-04-29,173.37,176.03,173.1,173.5,68169400
2024-04-30,173.33,174.99,170.0,170.33,65934800
2024-05-01,169.58,172.71,169.11,169.3,50383100
2024-05-02,172.51,173.42,170.89,173.03,94214900
2024-05-03,186.65,187.0,182.66,183.38,163224100
2024-05-06,182.35,184.2,180.42,181.71,78569700
2024-05-07,183.45,184.9,181.32,182.4,77305800
2024-05-08,182.85,183.07,181.45,182.74,45057100
2024-05-09,182.56,184.66,182.11,184.57,48983000
2024-05-10,184.9,185.09,182.13,183.05,50759500
2024-05-13,185.44,187.1,184.62,186.28,72044800
2024-05-14,187.51,188.3,186.29,187.43,52393600
2024-05-15,187.91,190.65,187.37,189.72,70400000
2024-05-16,190.47,191.1,189.66,189.84,52845200
2024-05-17,189.51,190.81,189.18,189.87,41282900
2024-05-20,189.33,191.92,189.01,191.04,44361300
2024-05-21,191.09,192.73,190.92,192.35,42309400
2024-05-22,192.27,192.82,190.27,190.9,34648500
2024-05-23,190.98,191.0,186.63,186.88,51005900
2024-05-24,188.82,190.58,188.04,189.98,36327000
2024-05-28,191.51,193.0,189.1,189.99,52280100
2024-05-29,189.61,192.25,189.51,190.29,53068000
2024-05-30,190.76,192.18,190.63,191.29,49889100
2024-05-31,191.44,192.57,189.91,192.25,75158300
2024-06-03,192.9,194.99,192.52,194.03,50080500
2024-06-04,194.64,195.32,193.03,194.35,47471400
2024-06-05,195.4,196.9,194.87,195.87,54156800
2024-06-06,195.69,196.5,194.17,194.48,41181800
2024-06-07,194.65,196.94,194.14,196.89,53103900
2024-06-10,196.9,197.3,192.15,193.12,97010200
2024-06-11,193.65,207.16,193.63,207.15,172373300
2024-06-12,207.37,220.2,206.9,213.07,198134300
2024-06-13,214.74,216.75,211.6,214.24,97862700
2024-06-14,213.85,215.17,211.3,212.49,70122700
2024-06-17,213.37,218.95,212.72,216.67,93728300
2024-06-18,217.59,218.63,213.0,214.29,79943300
2024-06-20,213.93,214.24,208.85,209.68,86172500
2024-06-21,210.39,211.89,207.11,207.49,241805100
2024-06-24,207.72,212.7,206.59,208.14,80727000
2024-06-25,209.15,211.38,208.61,209.07,55549700
2024-06-26,211.5,214.86,210.64,213.25,66213200
2024-06-27,214.69,215.74,212.35,214.1,49772700
2024-06-28,215.77,216.07,210.3,210.62,82542700
2024-07-01,212.09,217.51,211.92,216.75,60402900
2024-07-02,216.15,220.38,215.1,220.27,58046200
2024-07-03,220.0,221.55,219.03,221.55,37369800
2024-07-05,221.65,226.45,221.65,226.34,60412400
2024-07-08,227.09,227.85,223.25,227.82,59085900
2024-07-09,227.93,229.4,226.37,228.68,48076100
2024-07-10,229.3,233.08,229.25,232.98,62627700
2024-07-11,231.39,232.39,225.77,227.57,64710600
2024-07-12,228.92,232.64,228.68,230.54,53046500
2024-07-15,236.48,237.23,233.09,234.4,62631300
2024-07-16,235.0,236.27,232.33,234.82,43234300
2024-07-17,229.45,231.46,226.64,228.88,57345900
2024-07-18,230.28,230.44,222.27,224.18,66034600
2024-07-19,224.82,226.8,223.28,224.31,49151500
2024-07-22,227.01,227.78,223.09,223.96,48201800
2024-07-23,224.37,226.94,222.68,225.01,39960300
2024-07-24,224.0,224.8,217.13,218.54,61777600
2024-07-25,218.93,220.85,214.62,217.49,51391200
2024-07-26,218.7,219.49,216.01,217.96,41601300
2024-07-29,216.96,219.3,215.75,218.24,36311800
2024-07-30,219.19,220.33,216.12,218.8,41643800
2024-07-31,221.44,223.82,220.63,222.08,50036300
2024-08-01,224.37,224.48,217.02,218.36,62501000
2024-08-02,219.15,225.6,217.71,219.86,105568600
2024-08-05,199.09,213.5,196.0,209.27,119548600
2024-08-06,205.3,209.99,201.07,207.23,69660500
2024-08-07,206.9,213.64,206.39,209.82,63516400
2024-08-08,213.11,214.2,208.83,213.31,47161100
2024-08-09,212.1,216.78,211.97,216.24,42201600
2024-08-12,216.07,219.51,215.6,217.53,38028100
2024-08-13,219.01,221.89,219.01,221.27,44155300
2024-08-14,220.57,223.03,219.7,221.72,41960600
2024-08-15,224.6,225.35,222.76,224.72,46414000
2024-08-16,223.92,226.83,223.65,226.05,44340200
2024-08-19,225.72,225.99,223.04,225.89,40687800
2024-08-20,225.77,227.17,225.45,226.51,30299000
2024-08-21,226.52,227.98,225.05,226.4,34765500
2024-08-22,227.79,228.34,223.9,224.53,43695300
2024-08-23,225.66,228.22,224.33,226.84,38677300
2024-08-26,226.76,227.28,223.89,227.18,30602200
2024-08-27,226.0,228.85,224.89,228.03,35934600
2024-08-28,227.92,229.86,225.68,226.49,38052200
2024-08-29,230.1,232.92,228.88,229.79,51906300
2024-08-30,230.19,230.4,227.48,229.0,52990800
2024-09-03,228.55,229.0,221.17,222.77,50190600
2024-09-04,221.66,221.78,217.48,220.85,43840200
2024-09-05,221.63,225.48,221.52,222.38,36615400
2024-09-06,223.95,225.24,219.77,220.82,48423000
2024-09-09,220.82,221.27,216.71,220.91,67180000
2024-09-10,218.92,221.48,216.73,220.11,51591000
2024-09-11,221.46,223.09,217.89,222.66,44587100
2024-09-12,222.5,223.55,219.82,222.77,37455600
2024-09-13,223.58,224.04,221.91,222.5,36766600
2024-09-16,216.54,217.22,213.92,216.32,59357400
2024-09-17,215.75,216.9,214.5,216.79,45519300
2024-09-18,217.55,222.71,217.54,220.69,59894900
2024-09-19,224.99,229.82,224.63,228.87,66781300
2024-09-20,229.97,233.09,227.62,228.2,318679900
2024-09-23,227.34,229.45,225.81,226.47,54146000
2024-09-24,228.65,229.35,225.73,227.37,43556100
2024-09-25,224.93,227.29,224.02,226.37,42308700
2024-09-26,227.3,228.5,225.41,227.52,36636700
2024-09-27,228.46,229.52,227.3,227.79,34026000
2024-09-30,230.04,233.0,229.65,233.0,54541900
2024-10-01,229.52,229.65,223.74,226.21,63285000
2024-10-02,225.89,227.37,223.02,226.78,32880600
2024-10-03,225.14,226.81,223.32,225.67,34044200
2024-10-04,227.9,228.0,224.13,226.8,37245100
2024-10-07,224.5,225.69,221.33,221.69,39505400
2024-10-08,224.3,225.98,223.25,225.77,31855700
2024-10-09,225.23,229.75,224.83,229.54,33591100
2024-10-10,227.78,229.5,227.17,229.04,28183500
2024-10-11,229.3,229.41,227.34,227.55,31759200
2024-10-14,228.7,231.73,228.6,231.3,39882100
2024-10-15,233.61,237.49,232.37,233.85,64751400
2024-10-16,231.6,232.12,229.84,231.78,34082200
2024-10-17,233.43,233.85,230.52,232.15,32993800
2024-10-18,236.18,236.18,234.01,235.0,46431500
2024-10-21,234.45,236.85,234.45,236.48,36254500
2024-10-22,233.89,236.22,232.6,235.86,38846600
2024-10-23,234.08,235.14,227.76,230.76,52287000
2024-10-24,229.98,230.82,228.41,230.57,31109500
2024-10-25,229.74,233.22,229.57,231.41,38802300
2024-10-28,233.32,234.73,232.55,233.4,36087100
2024-10-29,233.1,234.33,232.32,233.67,35417200
2024-10-30,232.61,233.47,229.55,230.1,47070900
2024-10-31,229.34,229.83,225.37,225.91,64370100
2024-11-01,220.97,225.35,220.27,222.91,65276700
2024-11-04,220.99,222.79,219.71,222.01,44944500
2024-11-05,221.8,223.95,221.14,223.45,28111300
2024-11-06,222.61,226.07,221.19,222.72,54561100
2024-11-07,224.63,227.88,224.57,227.48,42137700
2024-11-08,227.17,228.66,226.41,226.96,38328800
2024-11-11,225.0,225.7,221.5,224.23,42005600
2024-11-12,224.55,225.59,223.36,224.23,40398300
2024-11-13,224.01,226.65,222.76,225.12,48566200
2024-11-14,225.02,228.87,225.0,228.22,44923900
2024-11-15,226.4,226.92,224.27,225.0,47923700
2024-11-18,225.25,229.74,225.17,228.02,44633700
2024-11-19,226.98,230.16,226.66,228.28,36211800
2024-11-20,228.06,229.93,225.89,229.0,35169600
2024-11-21,228.88,230.16,225.71,228.52,42108300
2024-11-22,228.06,230.72,228.06,229.87,38168300
2024-11-25,231.46,233.25,229.74,232.87,90152800
2024-11-26,233.33,235.57,233.33,235.06,45986200
2024-11-27,234.47,235.69,233.81,234.93,33498400
2024-11-29,234.81,237.81,233.97,237.33,28481400
2024-12-02,237.27,240.79,237.16,239.59,48137100
2024-12-03,239.81,242.76,238.9,242.65,38861000
2024-12-04,242.87,244.11,241.25,243.01,44383900
2024-12-05,243.99,244.54,242.13,243.04,40033900
2024-12-06,242.91,244.63,242.08,242.84,36870600
2024-12-09,241.83,247.24,241.75,246.75,44649200
2024-12-10,246.89,248.21,245.34,247.77,36914800
2024-12-11,247.96,250.8,246.26,246.49,45205800
2024-12-12,246.89,248.74,245.68,247.96,32777500
2024-12-13,247.82,249.29,246.24,248.13,33155300
2024-12-16,247.99,251.38,247.65,251.04,51694800
2024-12-17,250.08,253.83,249.78,253.48,51356400
2024-12-18,252.16,254.28,247.74,248.05,56774100
2024-12-19,247.5,252.0,247.09,249.79,60882300
2024-12-20,248.04,255.0,245.69,254.49,147495300
2024-12-23,254.77,255.65,253.45,255.27,40858800
2024-12-24,255.49,258.21,255.29,258.2,23234700
2024-12-26,258.19,260.1,257.63,259.02,27237100
2024-12-27,257.83,258.7,253.06,255.59,42355300
2024-12-30,252.23,253.5,250.75,252.2,35557500
2024-12-31,252.44,253.28,249.43,250.42,39480700
2025-01-02,248.93,249.1,241.82,243.85,55740700
2025-01-03,243.36,244.18,241.89,243.36,40244100
2025-01-06,244.31,247.33,243.2,245.0,45045600
2025-01-07,242.98,245.55,241.35,242.21,40856000
2025-01-08,241.92,243.71,240.05,242.7,37628900
2025-01-10,240.01,240.16,233.0,236.85,61710900
2025-01-13,233.53,234.67,229.72,234.4,49630700
2025-01-14,234.75,236.12,232.47,233.28,39435300
2025-01-15,234.64,238.96,234.43,237.87,39832000
2025-01-16,237.35,238.01,228.03,228.26,71759100
2025-01-17,232.12,232.29,228.48,229.98,68488300
2025-01-21,224.0,224.42,219.38,222.64,98070400
2025-01-22,219.79,224.12,219.79,223.83,64126500
2025-01-23,224.74,227.03,222.3,223.66,60234800
2025-01-24,224.78,225.63,221.41,222.78,54697900
2025-01-27,224.02,232.15,223.98,229.86,94863400
2025-01-28,230.85,240.19,230.81,238.26,75707600
2025-01-29,234.12,239.86,234.01,239.36,45486100
2025-01-30,238.67,240.79,237.21,237.59,55658300
2025-01-31,247.19,247.19,233.44,236.0,100959800
2025-02-03,229.99,231.83,225.7,228.01,73063300
2025-02-04,227.25,233.13,226.65,232.8,45067300
2025-02-05,228.53,232.67,228.27,232.47,39620300
2025-02-06,231.29,233.8,230.43,233.22,29925300
2025-02-07,232.6,234.0,227.26,227.63,39707200
2025-02-10,229.57,230.59,227.2,227.65,33115600
2025-02-11,228.2,235.23,228.13,232.62,53718400
2025-02-12,231.2,236.96,230.68,236.87,45243300
2025-02-13,236.91,242.34,235.57,241.53,53614100
2025-02-14,241.25,245.55,240.99,244.6,40896200
2025-02-18,244.15,245.18,241.84,244.47,48822500
2025-02-19,244.66,246.01,243.16,244.87,32204200
2025-02-20,244.94,246.78,244.29,245.83,32316900
2025-02-21,245.95,248.69,245.22,245.55,53197400
2025-02-24,244.93,248.86,244.42,247.1,51326400
2025-02-25,248.0,250.0,244.91,247.04,48013300
2025-02-26,244.33,244.98,239.13,240.36,44433600
2025-02-27,239.41,242.46,237.06,237.3,41153600
2025-02-28,236.95,242.09,230.2,241.84,56833400
2025-03-03,241.79,244.03,236.11,238.03,47184000
2025-03-04,237.71,240.07,234.68,235.93,53798100
2025-03-05,235.42,236.55,229.23,235.74,47227600
2025-03-06,234.44,237.86,233.16,235.33,45170400
2025-03-07,235.11,241.37,234.76,239.07,46273600
2025-03-10,235.54,236.16,224.22,227.48,72071200
2025-03-11,223.81,225.84,217.45,220.84,76137400
2025-03-12,220.14,221.75,214.91,216.98,62547500
2025-03-13,215.95,216.84,208.42,209.68,61368300
2025-03-14,211.25,213.95,209.58,213.49,60107600
2025-03-17,213.31,215.22,209.97,214.0,48073400
2025-03-18,214.16,215.15,211.49,212.69,42432400
2025-03-19,214.22,218.76,213.75,215.24,54385400
2025-03-20,213.99,217.49,212.22,214.1,48862900
2025-03-21,211.56,218.84,211.28,218.27,94127800
2025-03-24,221.0,221.48,218.58,220.73,44299500
2025-03-25,220.77,224.1,220.08,223.75,34493600
2025-03-26,223.51,225.02,220.47,221.53,34466100
2025-03-27,221.39,224.99,220.56,223.85,37094800
2025-03-28,221.67,223.81,217.68,217.9,39818600
2025-03-31,217.01,225.62,216.23,222.13,65299300
2025-04-01,219.81,223.68,218.9,223.19,36412700
2025-04-02,221.32,225.19,221.02,223.89,35905900
2025-04-03,205.54,207.49,201.25,203.19,103419000
2025-04-04,193.89,199.88,187.34,188.38,125910900
2025-04-07,177.2,194.15,174.62,181.46,160466300
2025-04-08,186.7,190.34,169.21,172.42,120859500
2025-04-09,171.95,200.61,171.89,198.85,184395900
2025-04-10,189.07,194.78,183.0,190.42,121880000
2025-04-11,186.1,199.54,186.06,198.15,87435900
2025-04-14,211.44,212.94,201.16,202.52,101352900
2025-04-15,201.86,203.51,199.8,202.14,51343900
2025-04-16,198.36,200.7,192.37,194.27,59732400
2025-04-17,197.2,198.83,194.42,196.98,52164700
2025-04-21,193.27,193.8,189.81,193.16,46742500
2025-04-22,196.12,201.59,195.97,199.74,52976400
2025-04-23,206.0,208.0,202.8,204.6,52929200
2025-04-24,204.89,208.83,202.94,208.37,47311000
2025-04-25,206.37,209.75,206.2,209.28,38222300
2025-04-28,210.0,211.5,207.46,210.14,38743100
2025-04-29,208.69,212.24,208.37,211.21,36827600
2025-04-30,209.3,213.58,206.67,212.5,52286500
2025-05-01,209.08,214.56,208.9,213.32,57365700
2025-05-02,206.09,206.99,202.16,205.35,101010600
2025-05-05,203.1,204.1,198.21,198.89,69018500
2025-05-06,198.21,200.65,197.02,198.51,51216500
2025-05-07,199.17,199.44,193.25,196.25,68536700
2025-05-08,197.72,200.05,194.68,197.49,50478900
2025-05-09,199.0,200.54,197.54,198.53,36453900
2025-05-12,210.97,211.27,206.75,210.79,63775800
2025-05-13,210.43,213.4,209.0,212.93,51909300
2025-05-14,212.43,213.94,210.58,212.33,49325800
2025-05-15,210.95,212.96,209.54,211.45,45029500
2025-05-16,212.36,212.57,209.77,211.26,54737900
2025-05-19,207.91,209.48,204.26,208.78,46140500
2025-05-20,207.67,208.47,205.03,206.86,42496600
2025-05-21,205.17,207.04,200.71,202.09,59211800
2025-05-22,200.71,202.75,199.7,201.36,46742400
2025-05-23,193.67,197.7,193.46,195.27,78432900
2025-05-27,198.3,200.74,197.43,200.21,56288500
2025-05-28,200.59,202.73,199.9,200.42,45339700
2025-05-29,203.58,203.81,198.51,199.95,51396800
2025-05-30,199.37,201.96,196.78,200.85,70819900
2025-06-02,200.28,202.13,200.12,201.7,35423300
2025-06-03,201.35,203.77,200.96,203.27,46381600
2025-06-04,202.91,206.24,202.1,202.82,43604000
2025-06-05,203.5,204.75,200.15,200.63,55126100
2025-06-06,203.0,205.7,202.05,203.92,46607700
2025-06-09,204.39,206.0,200.02,201.45,72862600
2025-06-10,200.6,204.35,200.57,202.67,54672600
2025-06-11,203.5,204.5,198.41,198.78,60989900
2025-06-12,199.08,199.68,197.36,199.2,43904600
2025-06-13,199.73,200.37,195.7,196.45,51447300
2025-06-16,197.3,198.69,196.56,198.42,43020700
2025-06-17,197.2,198.39,195.21,195.64,38856200
2025-06-18,195.94,197.57,195.07,196.58,45394700
2025-06-20,198.24,201.7,196.86,201.0,96813500
2025-06-23,201.63,202.3,198.96,201.5,55814300
2025-06-24,202.59,203.44,200.2,200.3,54064000
2025-06-25,201.45,203.67,200.62,201.56,39525700
2025-06-26,201.43,202.64,199.46,201.0,50799100
2025-06-27,201.89,203.22,200.0,201.08,73188600
2025-06-30,202.01,207.39,199.26,205.17,91912800
2025-07-01,206.67,210.19,206.14,207.82,78788900
2025-07-02,208.91,213.34,208.14,212.44,67941800
2025-07-03,212.15,214.65,211.81,213.55,34955800
2025-07-07,212.68,216.23,208.8,209.95,50229000
2025-07-08,210.1,211.43,208.45,210.01,42848900
2025-07-09,209.53,211.33,207.22,211.14,48749400
2025-07-10,210.51,213.48,210.03,212.41,44443600
2025-07-11,210.57,212.13,209.86,211.16,39765800
2025-07-14,209.93,210.91,207.54,208.62,38840100
2025-07-15,209.22,211.89,208.92,209.11,42296300
2025-07-16,210.3,212.4,208.64,210.16,47490500
2025-07-17,210.57,211.8,209.59,210.02,48068100
2025-07-18,210.87,211.79,209.7,211.18,48974600
2025-07-21,212.1,215.78,211.63,212.48,51377400
2025-07-22,213.14,214.95,212.23,214.4,46404100
2025-07-23,215.0,215.15,212.41,214.15,46989300
2025-07-24,213.9,215.69,213.53,213.76,46022600
2025-07-25,214.7,215.24,213.4,213.88,40268800
2025-07-28,214.03,214.85,213.06,214.05,37858000
2025-07-29,214.18,214.81,210.82,211.27,51411700
2025-07-30,211.9,212.39,207.72,209.05,45512500
2025-07-31,208.49,209.84,207.16,207.57,80698400
2025-08-01,210.87,213.58,201.5,202.38,104434500
2025-08-04,204.51,207.88,201.68,203.35,75109300
2025-08-05,203.4,205.34,202.16,202.92,44155100
2025-08-06,205.63,215.38,205.59,213.25,108483100
2025-08-07,218.88,220.85,216.58,220.03,90224800
2025-08-08,220.83,231.0,219.25,229.35,113854000
2025-08-11,227.92,229.56,224.76,227.18,61806100
2025-08-12,228.01,230.8,227.07,229.65,55626200
2025-08-13,231.07,235.0,230.43,233.33,69878500
2025-08-14,234.06,235.12,230.85,232.78,51916300
2025-08-15,234.0,234.28,229.34,231.59,56038700
2025-08-18,231.7,233.12,230.11,230.89,37476200
2025-08-19,231.28,232.87,229.35,230.56,39402600
2025-08-20,229.98,230.47,225.77,226.01,42263900
2025-08-21,226.27,226.52,223.78,224.9,30621200
2025-08-22,226.17,229.09,225.41,227.76,42477800
2025-08-25,226.48,229.3,226.23,227.16,30983100
2025-08-26,226.87,229.49,224.69,229.31,54575100
2025-08-27,228.61,230.9,228.26,230.49,31259500
2025-08-28,230.82,233.41,229.34,232.56,38074700
2025-08-29,232.51,233.38,231.37,232.14,39418400
2025-09-02,229.25,230.85,226.97,229.72,44075600
2025-09-03,237.21,238.85,234.36,238.47,66427800
2025-09-04,238.45,239.9,236.74,239.78,47549400
2025-09-05,240.0,241.32,238.49,239.69,54870400
2025-09-08,239.3,240.15,236.34,237.88,48999500
2025-09-09,237.0,238.78,233.36,234.35,66313900
2025-09-10,232.19,232.42,225.95,226.79,83440800
2025-09-11,226.88,230.45,226.65,230.03,50208600
2025-09-12,229.22,234.51,229.02,234.07,55824200
2025-09-15,237.0,238.19,235.03,236.7,42699500
2025-09-16,237.18,241.22,236.32,238.15,63421100
2025-09-17,238.97,240.1,237.73,238.99,46508000
2025-09-18,239.97,241.2,236.65,237.88,44249600
2025-09-19,241.23,246.3,240.21,245.5,163741300
2025-09-22,248.3,256.64,248.12,256.08,105517400
2025-09-23,255.88,257.34,253.58,254.43,60275200
2025-09-24,255.22,255.74,251.04,252.31,42303700
2025-09-25,253.21,257.17,251.71,256.87,55202100
2025-09-26,254.1,257.6,253.78,255.46,46076300
2025-09-29,254.56,255.0,253.01,254.43,40127700
2025-09-30,254.86,255.92,253.11,254.63,37704300
2025-10-01,255.04,258.79,254.93,255.45,48713900
2025-10-02,256.58,258.18,254.15,257.13,42630200
2025-10-03,254.67,259.24,253.95,258.02,49155600
2025-10-06,257.99,259.07,255.05,256.69,44664100
2025-10-07,256.81,257.4,255.43,256.48,31955800
2025-10-08,256.52,258.52,256.11,258.06,36496900
2025-10-09,257.81,258.0,253.14,254.04,38322000
2025-10-10,254.94,256.38,244.0,245.27,61999100
2025-10-13,249.38,249.69,245.56,247.66,38142900
2025-10-14,246.6,248.85,244.7,247.77,35478000
2025-10-15,249.49,251.82,247.47,249.34,33893600
2025-10-16,248.25,249.04,245.13,247.45,39777000
2025-10-17,248.02,253.38,247.27,252.29,49147000
2025-10-20,255.89,264.38,255.63,262.24,90483000
2025-10-21,261.88,265.29,261.83,262.77,46695900
2025-10-22,262.65,262.85,255.43,258.45,45015300
2025-10-23,259.94,260.62,258.01,259.58,32754900
2025-10-24,261.19,264.13,259.18,262.82,38253700
2025-10-27,264.88,269.12,264.65,268.81,44888200
2025-10-28,268.99,269.89,268.15,269.0,41534800
2025-10-29,269.28,271.41,267.11,269.7,51086700
2025-10-30,271.99,274.14,268.48,271.4,69886500
2025-10-31,276.99,277.32,269.16,270.37,86167100
2025-11-03,270.42,270.85,266.25,269.05,50194600
2025-11-04,268.33,271.49,267.62,270.04,49274800
2025-11-05,268.61,271.7,266.93,270.14,43683100
2025-11-06,267.89,273.4,267.89,269.77,51204000
2025-11-07,269.8,272.29,266.77,268.47,48227400
2025-11-10,268.96,273.73,267.46,269.43,41312400
2025-11-11,269.81,275.91,269.8,275.25,46208300
2025-11-12,275.0,275.73,271.7,273.47,48398000
2025-11-13,274.11,276.7,272.09,272.95,49602800
2025-11-14,271.05,275.96,269.6,272.41,47431300
2025-11-17,268.82,270.49,265.73,267.46,45018300
2025-11-18,269.99,270.71,265.32,267.44,45677300
2025-11-19,265.53,272.21,265.5,268.56,40424500
2025-11-20,270.83,275.43,265.92,266.25,45823600
2025-11-21,265.95,273.33,265.67,271.49,59030800
2025-11-24,270.9,277.0,270.9,275.92,65585800
2025-11-25,275.27,280.38,275.25,276.97,46914200
2025-11-26,276.96,279.53,276.63,277.55,33431400
2025-11-28,277.26,279.0,275.99,278.85,20135600
2025-12-01,278.01,283.42,276.14,283.1,46587700
2025-12-02,283.0,287.4,282.63,286.19,53669500
2025-12-03,286.2,288.62,283.3,284.15,43538700
2025-12-04,284.1,284.73,278.59,280.7,43989100
2025-12-05,280.54,281.14,278.05,278.78,47265800
2025-12-08,278.13,279.67,276.15,277.89,38211800
2025-12-09,278.16,280.03,276.92,277.18,32193300
2025-12-10,277.75,279.75,276.44,278.78,33038300
2025-12-11,279.1,279.59,273.81,278.03,33248000
2025-12-12,277.9,279.22,276.82,278.28,39532900
2025-12-15,280.15,280.15,272.84,274.11,50409100
2025-12-16,272.82,275.5,271.79,274.61,37648600
2025-12-17,275.01,276.16,271.64,271.84,50138700
2025-12-18,273.61,273.63,266.95,272.19,51630700
2025-12-19,272.15,274.6,269.9,273.67,144632000
2025-12-22,272.86,273.88,270.51,270.97,36571800
2025-12-23,270.84,272.5,269.56,272.36,29642000
2025-12-24,272.34,275.43,272.2,273.81,17910600
2025-12-26,274.16,275.37,272.86,273.4,21521800
2025-12-29,272.69,274.36,272.35,273.76,23715200
2025-12-30,272.81,274.08,272.28,273.08,22139600
2025-12-31,273.06,273.68,271.75,271.86,27293600
2026-01-02,272.26,277.84,269.0,271.01,37838100
2026-01-05,270.64,271.51,266.14,267.26,45647200
2026-01-06,267.0,267.55,262.12,262.36,52352100
2026-01-07,263.2,263.68,259.81,260.33,48309800
2026-01-08,257.02,259.29,255.7,259.04,50419300
2026-01-09,259.08,260.21,256.22,259.37,39997000
2026-01-12,259.16,261.3,256.8,260.25,45263800
2026-01-13,258.72,261.81,258.39,261.05,45730800
2026-01-14,259.49,261.82,256.71,259.96,40019400
2026-01-15,260.65,261.04,257.05,258.21,39388600
2026-01-16,257.9,258.9,254.93,255.53,72142800
2026-01-20,252.73,254.79,243.42,246.7,80267500
2026-01-21,248.7,251.56,245.18,247.65,54641700
2026-01-22,249.2,251.0,248.15,248.35,39708300
2026-01-23,247.32,249.41,244.68,248.04,41689000
2026-01-26,251.48,256.56,249.8,255.41,55969200
2026-01-27,259.17,261.95,258.21,258.27,49648300
2026-01-28,257.65,258.86,254.51,256.44,41288000
2026-01-29,258.0,259.65,254.41,258.28,67253000
2026-01-30,255.17,261.9,252.18,259.48,92443400
2026-02-02,260.03,270.49,259.21,270.01,73913400
2026-02-03,269.2,271.88,267.61,269.48,64394700
2026-02-04,272.29,278.95,272.29,276.49,90545700
2026-02-05,278.13,279.5,273.23,275.91,52977400
2026-02-06,277.12,280.91,276.93,278.12,50453400
2026-02-09,277.91,278.2,271.7,274.62,44623400
2026-02-10,274.89,275.37,272.94,273.68,34376900
2026-02-11,274.7,280.18,274.45,275.5,51931300
2026-02-12,275.59,275.72,260.18,261.73,81077200
2026-02-13,262.01,262.23,255.45,255.78,56290700
2026-02-17,258.05,266.29,255.54,263.88,58469100
2026-02-18,263.6,266.82,262.45,264.35,34203300
2026-02-19,262.6,264.48,260.05,260.58,30845300
2026-02-20,258.97,264.75,258.16,264.58,42070500
2026-02-23,263.49,269.43,263.38,266.18,37308200
2026-02-24,267.86,274.89,267.71,272.14,47014600
2026-02-25,271.78,274.94,271.05,274.23,33714300
2026-02-26,274.95,276.11,270.8,272.95,32345100
2026-02-27,272.81,272.81,262.89,264.18,72366500
2026-03-02,262.41,266.53,260.2,264.72,41827900
2026-03-03,263.48,265.56,260.13,263.75,38568900
2026-03-04,264.65,266.15,261.42,262.52,39803100
2026-03-05,260.79,261.56,257.25,260.29,49658600
2026-03-06,258.63,258.77,254.37,257.46,41120000
2026-03-09,255.69,261.15,253.68,259.88,38218500
2026-03-10,257.65,262.48,256.95,260.83,30590800
2026-03-11,261.09,262.13,259.55,260.81,26218900
2026-03-12,258.66,258.95,254.18,255.76,40794000
2026-03-13,255.48,256.33,249.52,250.12,36930000
2026-03-16,252.11,253.89,249.88,252.82,32074200
2026-03-17,252.96,255.13,252.18,254.23,32361600
2026-03-18,252.63,254.94,249.0,249.94,35757900
2026-03-19,249.4,251.83,247.3,248.96,34864100
2026-03-20,247.98,249.2,246.0,247.99,88331100
2026-03-23,253.97,254.6,250.28,251.49,40546100
2026-03-24,250.35,254.83,249.55,251.64,45152300
2026-03-25,254.1,255.0,251.6,252.62,28476700
2026-03-26,252.12,257.0,250.77,252.89,41796700
2026-03-27,253.9,255.49,248.07,248.8,47900000
2026-03-30,250.07,250.87,245.51,246.63,39446200
2026-03-31,247.91,255.48,247.1,253.79,49598100
2026-04-01,254.08,256.18,253.33,255.63,40059400
2026-04-02,254.2,256.13,250.65,255.92,31289400
2026-04-06,256.51,262.16,256.46,258.86,29329900
2026-04-07,256.16,256.2,245.7,253.5,62148000
2026-04-08,258.45,259.75,256.53,258.9,41032800
2026-04-09,259.0,261.12,256.07,260.49,28121600
2026-04-10,259.98,262.19,259.02,260.48,31291500
2026-04-13,259.73,260.18,256.66,259.2,36234700
2026-04-14,259.25,261.93,257.19,258.83,48370700
2026-04-15,258.16,266.56,257.81,266.43,49913500
2026-04-16,266.8,267.16,261.27,263.4,43323100
2026-04-17,266.96,272.3,266.72,270.23,61436200
2026-04-20,270.33,274.28,270.29,273.05,36590200
2026-04-21,271.5,272.8,265.4,266.17,50209800
2026-04-22,267.82,273.74,266.87,273.17,43249200
2026-04-23,275.05,275.77,271.65,273.43,33399600
2026-04-24,272.76,273.06,269.65,271.06,38157100
2026-04-27,266.09,268.36,265.07,267.61,41466800
2026-04-28,272.34,273.23,268.66,270.71,40018900
2026-04-29,267.55,271.04,267.04,270.17,30047900
2026-04-30,270.5,276.0,268.14,271.35,91848200
2026-05-01,278.86,287.22,278.37,280.14,79915400
2026-05-04,279.66,280.63,274.86,276.83,46668400
2026-05-05,276.93,284.57,276.5,284.18,49311700
2026-05-06,281.92,288.03,281.07,287.51,58336100
2026-05-07,289.27,292.13,285.78,287.44,45224300
2026-05-08,290.01,294.76,290.0,293.32,52692800
2026-05-11,291.98,293.88,290.23,292.68,42247300
2026-05-12,292.56,295.27,292.56,294.8,45748100
2026-05-13,293.5,300.92,293.5,298.87,52684300
2026-05-14,299.82,300.45,295.38,298.21,35324900
2026-05-15,297.9,303.2,296.52,300.23,54862800
2026-05-18,300.24,300.66,294.91,297.84,34483000
2026-05-19,296.97,300.51,296.35,298.97,42243600
2026-05-20,298.18,302.8,298.08,302.25,38229800
2026-05-21,301.06,305.54,300.4,304.99,42965100
2026-05-22,306.12,311.4,305.84,308.82,43670200
2026-05-26,309.56,311.82,307.67,308.33,48000500
2026-05-27,308.33,313.26,308.3,310.85,50430900
2026-05-28,310.68,312.8,309.57,312.51,48220400
2026-05-29,311.78,315.0,309.53,312.06,70026800
2026-06-01,309.63,310.94,305.02,306.31,48849900
2026-06-02,307.46,315.45,306.69,315.2,44534700
2026-06-03,314.18,316.94,308.85,310.26,50836700
2026-06-04,313.23,313.54,309.65,311.23,44869100
2026-06-05,312.86,315.17,307.15,307.34,65310500
2026-06-08,308.74,317.4,301.17,301.54,77949100
2026-06-09,300.28,300.75,287.78,290.55,70108800
2026-06-10,290.74,294.75,287.38,291.58,52793300
2026-06-11,293.72,297.0,289.59,295.63,42572500
2026-06-12,296.03,297.14,289.62,291.13,38742100
2026-06-15,294.12,297.78,291.7,296.42,45732600
2026-06-16,295.25,300.48,293.97,299.24,39874400
2026-06-17,300.85,302.07,294.36,295.95,42745100
2026-06-18,298.11,300.57,295.62,298.01,85962200
2026-06-22,297.31,302.42,296.76,297.01,44879900
2026-06-23,297.54,301.64,294.18,294.3,52010900
2026-06-24,295.36,299.7,292.94,293.08,53081900
2026-06-25,287.4,288.8,273.75,275.15,107013700
2026-06-26,275.0,285.95,274.21,283.78,261775500
2026-06-29,286.73,288.37,279.85,281.74,66427000
2026-06-30,281.17,289.94,280.7,289.36,65100200
2026-07-01,293.44,296.59,289.2,294.38,50164200
2026-07-02,294.12,309.42,293.68,308.63,75352800
2026-07-06,307.36,314.2,307.0,312.66,53590000
2026-07-07,315.29,315.48,310.15,310.66,42490000
2026-07-08,311.91,314.82,307.05,313.39,41323500
2026-07-09,310.51,316.53,308.16,316.22,48124500
2026-07-10,314.72,316.91,312.17,315.32,34132300
2026-07-13,317.02,323.45,315.78,317.31,43257800
2026-07-14,313.76,316.19,311.91,314.86,36336800
2026-07-15,317.62,328.73,317.32,327.5,60957600
2026-07-16,328.01,334.68,326.79,333.26,62970600
2026-07-17,331.98,334.99,329.0,333.74,63407100
2026-07-20,333.51,333.71,323.68,326.59,53468000
2026-07-21,323.13,329.6,322.22,327.74,41338900
2026-07-22,327.87,329.0,323.34,325.89,38755900
2026-07-23,321.73,323.3,319.35,321.66,40840800
2026-07-24,321.79,334.37,321.62,333.02,47489400
2026-07-27,334.54,339.57,334.02,336.91,49604300
2026-07-28,340.03,342.89,335.6,340.08,51859000
2026-07-29,339.73,344.57,337.35,338.19,56090800
2026-07-30,333.1,334.75,329.59,333.43,74817800
2026-07-31,304.81,310.69,300.0,308.91,132489100
2026-08-03,309.58,311.8,302.56,303.42,75052000
2026-08-04,302.73,310.42,301.32,309.38,68001000
2026-08-05,309.36,311.71,305.67,311.0,49438800
2026-08-06,314.34,316.29,309.23,312.41,46139900
2026-08-07,311.45,314.81,310.74,313.33,34437200
2026-08-10,306.83,308.26,304.61,308.26,44812500
2026-08-11,307.75,309.97,302.79,304.91,37476700
2026-08-12,305.1,305.66,300.57,302.25,41657800
2026-08-13,304.21,306.0,302.05,305.26,40349300
2026-08-14,306.0,307.49,304.3,305.93,28229400
2026-08-17,306.21,307.66,302.94,305.59,38169300
2026-08-18,307.58,311.49,305.74,310.03,53424500
2026-08-19,310.14,319.28,309.6,316.83,50505600
2026-08-20,317.46,320.28,310.65,311.3,40959200
2026-08-21,312.05,312.38,307.01,309.35,46876800
2026-08-24,311.47,313.36,309.97,310.34,34673600
2026-08-25,310.79,313.59,308.21,309.9,25869800
2026-08-26,310.3,315.43,308.8,313.45,34024500
2026-08-27,310.55,315.4,309.4,314.58,32419200
2026-08-28,316.85,322.37,315.45,319.7,38649400
2026-08-31,319.6,321.24,312.8,316.85,41242700
2026-09-01,316.98,327.3,314.73,325.13,53167400
2026-09-02,326.87,328.4,323.53,324.96,33776400
2026-09-03,324.87,330.81,324.11,328.21,37225800
2026-09-04,328.31,328.93,317.86,319.97,39606900
2026-09-08,317.1,320.7,314.9,316.22,35477100
2026-09-09,315.49,319.15,309.9,315.34,65640000
2026-09-10,316.67,326.74,316.51,326.57,70011900
2026-09-11,327.45,336.22,326.3,332.27,50659000
